Restaurant ID,Restaurant Name,City,User Rating Votes,User Aggregate Rating,Cuisines,Country
18649486,The Drunken Botanist,Gurgaon,4765,4.4,"Continental, Italian, North Indian, Chinese",India
308322,Hauz Khas Social,New Delhi,13627,4.6,"Continental, American, Asian, North Indian, Chinese, Pizza, Biryani, Beverages",India
18856789,AIR- An Ivory Region,New Delhi,1819,4.1,"North Indian, Chinese, Continental, Asian",India
307374,AMA Cafe,New Delhi,3252,4.4,"Cafe, Juices",India
18238278,Tamasha,New Delhi,8112,4.4,"Finger Food, North Indian, Continental, Italian",India
18268712,Chili's Grill & Bar,Noida,3702,4.6,"Mexican, American, Italian, Burger",India
18198449,Punjabi Angithi,New Delhi,3613,4.7,"North Indian, Chinese, Momos, Rolls, Fast Food",India
18382360,Local,New Delhi,5694,4.3,"North Indian, Continental, Momos",India
18273624,Cafeteria & Co.,New Delhi,4229,4.5,"Continental, Mexican, Fast Food",India
18466951,Jungle Jamboree,Noida,2832,4.5,"North Indian, Continental, Chinese, BBQ",India
306046,SodaBottleOpenerWala,Gurgaon,3818,4.2,"Parsi, North Indian, Maharashtrian, Beverages, Bakery",India
18337893,The Luggage Room Kitchen And Bar,New Delhi,1622,4.5,"Italian, Chinese, Continental",India
18518483,Echoes Hudson Lane,New Delhi,2534,4.6,"Cafe, American, Chinese, Continental, North Indian, Italian",India
18246991,Odeon Social,New Delhi,5808,4.4,"Continental, American, Asian, North Indian, Momos, Beverages",India
8913,Pirates of Grill,Gurgaon,5760,4.9,"North Indian, Mughlai, Continental",India
313256,The Junkyard Cafe,New Delhi,5512,4.5,"North Indian, Mediterranean, Asian, Salad, Momos",India
18562836,Diggin,New Delhi,2335,4.2,"Italian, Continental, Beverages",India
17953943,The Burger Club,New Delhi,2411,4.2,"Burger, Fast Food, Beverages",India
18258498,Chinese Kitchen,New Delhi,713,4.1,"Fast Food, Chinese, Momos",India
18537536,Chili's Grill & Bar,New Delhi,2364,4.6,"Mexican, American, Italian",India
18707652,Zam Zam,Kolkata,824,4.4,"Biryani, Mughlai",India
18571735,Dum Laga Ke Haishaa,Kolkata,770,4.5,"Continental, Biryani, North Indian, Chinese, Kebab",India
18398880,JW Kitchen - JW Marriott Hotel Kolkata,Kolkata,3578,4.6,"North Indian, European, Mediterranean, Thai, Salad, Juices",India
18677746,Burger in Law,Kolkata,455,4.7,"Burger, Fast Food",India
17983797,Dada Boudi Restaurant,Kolkata,1993,4.3,"Mughlai, North Indian, Chinese",India
18538536,Scrapyard,Kolkata,1260,4.2,"North Indian, Chinese, Continental",India
25570,Barbeque Nation,Kolkata,4597,4.8,"North Indian, Chinese, Kebab, BBQ",India
18354569,Tram Deepo,Kolkata,1895,4.4,"Continental, Chinese, Fast Food, Finger Food, North Indian, Mexican",India
18259462,Ocean Grill,Kolkata,2318,4.3,"Continental, Seafood, North Indian, Asian",India
18761167,Echoes Kolkata,Kolkata,456,4.8,"North Indian, Continental, Chinese, Italian, American",India
18751849,Five Mad Men,Kolkata,1465,4.3,"American, Chinese, Continental, North Indian",India
20747,India Restaurant,Kolkata,3909,4.5,"Biryani, Mughlai",India
18461760,Kankurgachi Dhaba,Kolkata,700,3.9,"North Indian, Biryani, Chinese",India
20404,Peter Cat,Kolkata,11476,4.2,"Continental, North Indian",India
18017615,What's Up,Kolkata,4162,4.4,"Chinese, Continental, Italian, Kebab",India
18265479,BJs Sports Restrau Cum Lounge,Kolkata,1405,4.7,"Cafe, North Indian",India
18377098,CALCUTTA 64,Kolkata,2134,4.4,"Italian, Continental, Mexican",India
18377112,Nawwarah Fine Dine & Lounge,Kolkata,1993,4.3,"North Indian, Chinese",India
18610904,The Fatty Bao,Kolkata,884,4.6,"Japanese, Sushi, Asian",India
18711365,The Saffron Tree,Kolkata,1274,4.8,"Mughlai, Continental, Biryani",India
18392725,Tamasha,Mumbai,4553,4.6,"Finger Food, Continental",India
18701052,The Fusion Kitchen,Mumbai,2723,4.7,"Chinese, Continental, European, North Indian, Italian, Mexican, Pizza",India
18548172,Hitchki,Mumbai,3418,4.8,"Modern Indian, North Indian, Chinese, Momos, Biryani, Continental, American, Fast Food",India
18591040,Hitchki,Mumbai,3524,4.9,"Modern Indian, North Indian, Chinese, Momos, Biryani, Continental, American, Fast Food",India
19008239,HAS South Bombay,Mumbai,475,4.2,South Indian,India
18392711,Lord Of The Drinks,Mumbai,2604,4.6,"Finger Food, Continental, European, Chinese, North Indian, Italian",India
18616378,Lord of the Drinks,Mumbai,2362,4.8,"Finger Food, Continental, European, Chinese, North Indian, Italian",India
18669432,HITCHKI,Thane,1899,4.8,"Modern Indian, North Indian, Chinese, Momos, American, Biryani, Continental, Fast Food",India
18566818,JLWA,Mumbai,3101,4.7,"Modern Indian, European, Pizza",India
48851,Rude Lounge,Mumbai,5003,4.4,"North Indian, Italian, Chinese, Continental, BBQ",India
18205932,The Cult - Peninsula Grand Hotel,Mumbai,3142,4.5,"Continental, North Indian, Chinese",India
18732598,Timess Square,Mumbai,2113,4.4,"Continental, Mexican, North Indian",India
18580259,Coffee Culture,Mumbai,6023,4.2,"Cafe, Italian, Pizza, Continental, Beverages",India
34757,Joey's Pizza,Mumbai,7344,4.6,Pizza,India
18522518,Vikhroli Social,Mumbai,1934,4.3,"American, North Indian, Chinese, Asian, Beverages, Continental, Biryani",India
18917650,Warehouse Kitchenbar,Mumbai,666,4.5,"North Indian, Asian, Burmese, Chinese, Continental, Desserts",India
35217,Joey's Pizza,Mumbai,8669,4.5,Pizza,India
18397684,Craftbar,Mumbai,1347,4.8,"Continental, Mediterranean, Modern Indian, Mexican",India
36403,Prithvi Cafe,Mumbai,7995,4.4,"Cafe, Fast Food",India
18691230,Grandmama's Café,Mumbai,1108,4.3,"Cafe, American, Italian, Parsi, Desserts",India
58882,Byg Brewski Brewing Company,Bangalore,17394,4.9,"Continental, North Indian, Italian, South Indian, Finger Food",India
18706428,Byg Brewski Brewing Company,Bangalore,5692,4.8,"Finger Food, Asian, Pizza, Italian, North Indian, Desserts",India
18871246,ShakesBierre,Bangalore,572,4.5,"Asian, Continental, European, North Indian",India
18772094,Bombay Adda,Bangalore,3023,4.3,Modern Indian,India
18578798,TBC Sky Lounge,Bangalore,7673,4.7,"Continental, Asian, Italian, North Indian",India
18945224,Secret Of Bangalore,Bangalore,866,4.3,"North Indian, South Indian, Continental, Asian, Desserts",India
18254597,Brew and Barbeque - A Microbrewery Pub,Bangalore,6330,4.6,"Continental, North Indian, BBQ, Steak",India
18387426,The Black Pearl,Bangalore,7769,4.7,"North Indian, European, Mediterranean, BBQ",India
57833,Big Pitcher,Bangalore,9664,4.6,"American, Continental, North Indian, Mediterranean",India
54162,The Black Pearl,Bangalore,10892,4.8,"North Indian, European, Mediterranean",India
18853706,Brahma Brews,Bangalore,610,4.3,"Continental, South Indian, Finger Food, Pizza, Seafood",India
18625420,Burma Burma,Bangalore,1788,4.7,"Asian, Burmese",India
18595782,The Pallet,Bangalore,3013,4.6,"Continental, Mediterranean, Italian, North Indian, Finger Food, Asian, Momos",India
18537585,The Reservoire,Bangalore,2724,4.6,"Continental, North Indian, Chinese, American",India
56618,AB's - Absolute Barbecues,Bangalore,12443,4.9,"European, Mediterranean, North Indian, BBQ",India
51040,Truffles,Bangalore,14984,4.7,"Cafe, American, Burger, Steak",India
18874059,The Pump House,Bangalore,1057,4.3,"Continental, Finger Food",India
18709627,Simon Says Brew Works,Bangalore,2362,4.6,"Continental, American, Italian, Modern Indian, Pizza, Burger",India
18727906,XOOX Brewmill,Bangalore,1782,4.5,"Modern Indian, European, Asian",India
18642512,Stories,Bangalore,2636,4.6,"Continental, North Indian, Chinese",India
18893197,FC Road Social,Pune,606,4.0,"Continental, American, Asian, North Indian, South Indian, European, Chinese, Fast Food",India
18880433,BeHive,Pune,347,4.3,"North Indian, Chinese, Continental",India
18715982,Flechazo,Pune,2927,4.7,"Asian, Mediterranean, North Indian",India
18562250,Cafe Co2 Resto Lounge,Pune,1406,4.2,"North Indian, Chinese, Continental, Kebab, Seafood",India
6508166,Flying Duck Co.,Pune,1266,4.5,"Asian, European",India
18586395,Onesta,Pune,2770,4.8,"Pizza, Italian, Fast Food, Beverages, Desserts",India
18732937,Darshan,Pune,1657,4.6,"Italian, Continental, Chinese, Mexican, Fast Food, Street Food, Desserts",India
18784250,Universal Barbeque,Pune,1686,4.5,"BBQ, Chinese, North Indian, Beverages",India
18740139,Grandmama's Cafe,Pune,1286,4.1,"Continental, Beverages, Desserts, Fast Food",India
18545152,AB's - Absolute Barbecues,Pune,5225,4.8,"Continental, North Indian, Chinese",India
18417624,The Sassy Spoon,Pune,1627,4.6,"European, Asian, Italian, Finger Food, Salad, Fast Food",India
18383095,Teddy Boy,Pune,4547,4.2,"North Indian, Continental",India
18621437,The FML Lounge,Pune,2059,4.1,"North Indian, Chinese, Continental, Finger Food",India
18890430,The Barkhana,Pune,330,4.4,"North Indian, Continental",India
18617201,Onesta,Pune,2168,4.7,"Pizza, Italian, Fast Food, Beverages, Desserts",India
18650304,Tatva,Pune,2340,4.4,"North Indian, Chinese, Continental",India
18657534,Viman Nagar Social,Pune,2352,4.5,"Continental, American, Asian, North Indian, South Indian, Chinese, European, Fast Food",India
18536004,Culture - पुणे,Pune,2912,4.2,"Continental, North Indian, Italian, Mediterranean, European, Finger Food, Desserts",India
6508323,The Urban Foundry,Pune,3369,4.6,"Asian, Indian",India
18678581,Hippie@Heart,Pune,631,4.5,"Continental, Italian, North Indian, Finger Food, European",India
90896,Bawarchi,Hyderabad,41333,4.5,"Biryani, Hyderabadi, North Indian, Seafood",India
18550292,Flechazo,Hyderabad,7577,4.7,"Asian, Mediterranean, North Indian, Momos",India
18312984,Sahib’s Barbeque by Ohri’s,Hyderabad,5346,4.7,"Hyderabadi, Awadhi, BBQ",India
18538735,Over The Moon Brew Company,Hyderabad,2055,4.7,"Asian, Continental, North Indian, Chinese, Mediterranean",India
18470497,84 Anjuna Shack,Hyderabad,1779,4.1,"Cafe, Italian, French, Goan, Continental",India
18207447,Shah Ghouse Hotel & Restaurant,Hyderabad,11836,4.2,"Biryani, North Indian, Chinese",India
18544039,The Roastery Coffee House,Hyderabad,3258,4.8,"American, Cafe, Continental",India
90499,Coffee Cup,Secunderabad,3766,4.6,"Cafe, Continental, Salad",India
18582430,Lucky Restaurant,Hyderabad,10298,4.2,"Biryani, North Indian, Chinese",India
18514668,Captain Cook,Hyderabad,9076,3.9,"Biryani, North Indian, Chinese",India
18715296,Bakasura Restaurant,Secunderabad,651,4.0,"Andhra, South Indian, Chinese",India
18673497,Onesta,Hyderabad,2143,4.4,"Pizza, Italian, Fast Food, Beverages, Desserts",India
95831,Green Bawarchi,Hyderabad,6293,3.7,"North Indian, Chinese, Biryani",India
18138652,Paradise,Hyderabad,5781,4.5,"Biryani, North Indian, Chinese",India
90903,Shah Ghouse Cafe & Restaurant,Hyderabad,7309,4.3,"Biryani, North Indian, Chinese",India
18807262,Broadway,Hyderabad,827,4.6,"Continental, North Indian, Chinese",India
18774025,eat.fit,Hyderabad,621,4.4,"Healthy Food, North Indian, Continental, South Indian",India
18965675,Chubby Cho,Hyderabad,156,4.4,"Chinese, Asian, Sushi, Japanese",India
18607685,Farzi Cafe,Hyderabad,2046,4.7,Modern Indian,India
94402,4M Biryani House,Hyderabad,4250,4.3,"Biryani, North Indian",India
18938720,Coal Barbecues,Chennai,1517,4.9,"North Indian, Mediterranean, Asian, Arabian, BBQ",India
18800810,The Black Pearl,Chennai,1435,4.6,"North Indian, European, Mediterranean, Continental, BBQ",India
18595414,Coal Barbecues,Chennai,5776,4.9,"North Indian, Mediterranean, Asian, Arabian, BBQ",India
18513783,Onesta,Chennai,4578,4.7,"Pizza, Italian, Fast Food, Beverages, Desserts",India
70856,AB's - Absolute Barbecues,Chennai,9774,4.9,"BBQ, North Indian, European, Mediterranean",India
18423043,Dhaba Estd 1986 Delhi,Chennai,1283,4.6,"North Indian, Desserts, Beverages",India
67407,Copper Kitchen,Chennai,3925,4.6,"Seafood, North Indian, Chinese, Mughlai, Biryani",India
73279,Paradise,Chennai,4642,4.4,"Biryani, North Indian, Chinese",India
71443,Palmshore,Chennai,3198,4.5,"Seafood, Biryani, Kebab, North Indian, Chinese, Arabian, BBQ, Juices",India
18588039,Fromage,Chennai,827,4.5,"Cafe, Italian, French, European",India
72497,Palmshore,Chennai,2742,4.6,"Seafood, Biryani, Kebab, North Indian, Chinese, Arabian, BBQ, Juices",India
70496,Sukkubhai Biriyani,Chennai,2113,4.4,Biryani,India
18665421,Blind Ch3mistry,Chennai,1365,4.5,"Cafe, Fast Food, Beverages",India
18666824,AB's - Absolute Barbecues,Chennai,2208,4.9,"BBQ, North Indian, European, Mediterranean",India
71405,Barbeque Nation,Chennai,2132,4.8,"North Indian, Continental, Kebab, BBQ",India
18555163,Amelie's,Chennai,1217,4.4,"Cafe, Continental, Italian",India
71799,Cleo's Grill & Cafe,Chennai,2413,4.5,"Chinese, Continental, Steak, North Indian",India
18437170,Nasi And Mee,Chennai,1336,4.6,"Singaporean, Malaysian, Chinese, Asian, Thai, Momos",India
18619095,Palmshore,Chennai,1528,4.5,"Seafood, Biryani, Kebab, North Indian, Chinese, Arabian, BBQ, Juices",India
18540650,Guntur Gongura,Chennai,2086,3.7,"North Indian, Chinese, South Indian, Biryani",India
800894,Mubeen's,Lucknow,1352,4.4,Mughlai,India
800468,Tunday Kababi,Lucknow,3753,4.8,"Mughlai, Lucknowi",India
18801082,Farzi Café,Lucknow,298,4.6,Modern Indian,India
18970077,The Hazelnut Factory,Lucknow,203,4.4,"Bakery, Desserts, Cafe",India
801170,Spice Caves,Lucknow,2401,4.6,"North Indian, Chinese, Mughlai",India
18560184,The Terrace ,Lucknow,568,4.4,"North Indian, Continental",India
18971277,Cafe Repertwahr,Lucknow,131,4.1,"North Indian, Chinese, Continental, Italian, Seafood, Salad",India
800179,Mahalaxmi Sweets,Lucknow,1062,4.3,"Mithai, North Indian, Chinese",India
18980427,Bombay Remix,Lucknow,113,4.0,"North Indian, Chinese, Continental, Desserts",India
800089,Barbeque Nation,Lucknow,2194,4.9,North Indian,India
800152,Idrish Hotel,Lucknow,2180,4.4,Mughlai,India
801960,Dosa Planet,Lucknow,875,4.3,"South Indian, North Indian",India
18701292,Pirates of Grill,Lucknow,1746,4.9,"North Indian, Mughlai, Continental",India
800483,Dastarkhwan,Lucknow,2127,4.7,Mughlai,India
801146,Madhurima Veg,Lucknow,627,4.3,"Chinese, Sandwich, Fast Food, North Indian, Italian, Desserts, South Indian",India
18387297,The Manish Eating Point,Lucknow,835,4.0,"North Indian, Awadhi, Biryani",India
800432,Rattilal's,Lucknow,630,4.0,"Mithai, Street Food, Juices",India
800896,Sardar Ji Ke Mashoor Chhole Bhature - Punjabi Zaika,Lucknow,692,4.1,Street Food,India
800630,Royal Cafe,Lucknow,990,4.3,"North Indian, Chinese, Mughlai, Fast Food",India
18439027,Skyhilton,Lucknow,750,4.1,"North Indian, Chinese, Continental",India
95361,Ifthar,Kochi,770,4.1,Kerala,India
901159,Westleys Restocafe (Formerly Burgeria),Kochi,262,4.1,"Fast Food, Ice Cream",India
95256,Kashi Art Cafe,Kochi,1256,4.5,"European, Cafe",India
18398435,Bikash Babu Sweets,Kochi,231,4.5,"Mithai, Fast Food",India
903046,Nasi And Mee,Kochi,235,4.8,"Malaysian, Thai, Singaporean, Asian, Chinese",India
902109,Sheba Kuzhimandhi,Kochi,516,4.2,Arabian,India
900533,Paragon,Kochi,1475,4.5,"Kerala, South Indian, Continental, North Indian, Seafood, Chinese",India
95421,Dhe Puttu,Kochi,1162,4.3,Kerala,India
900668,KFC,Kochi,507,3.7,"Burger, Fast Food",India
900524,Cafe 17,Kochi,900,4.6,"Cafe, Continental, Italian",India
901622,The Grill Lab,Kochi,639,4.2,"Cafe, Continental, Pizza, Burger, Fast Food",India
901665,Double Roti,Kochi,344,4.2,"Cafe, American, Burger, Fast Food",India
95488,Cafe d' arabia,Kochi,541,4.1,"Arabian, Lebanese",India
18153238,Hotel Harsh Dhaba,Kochi,622,4.1,"North Indian, South Indian, Fast Food",India
900300,Real Arabia,Kochi,380,4.0,"Arabian, Chinese, North Indian",India
901830,Mocha Art Cafe,Kochi,602,4.7,"Cafe, Continental, European, Italian, Seafood",India
900561,Tonico Cafe,Kochi,935,4.3,Cafe,India
900551,Aavi,Kochi,213,3.8,Kerala,India
18153935,Galito's,Kochi,470,4.2,"African, Burger, Desserts, Beverages, Fast Food, Salad",India
95333,Chiyang,Kochi,622,4.0,"Chinese, Continental",India
100242,Shree Agarwal Caterers,Jaipur,1402,4.3,"Bakery, Cafe, Sandwich, Fast Food, Mithai, Mishti, Desserts",India
18748726,The Night Jar,Jaipur,851,4.7,"North Indian, Continental, Chinese",India
18641794,Shankar Samosa,Jaipur,727,4.3,Street Food,India
18903417,Chool,Jaipur,383,4.9,"Cafe, North Indian, South Indian, Fast Food",India
18625823,Gulabi Nagari,Jaipur,1227,4.3,"North Indian, Chinese",India
100756,Agarwal Sweets & Caterers,Jaipur,1216,4.2,"Mithai, North Indian, South Indian, Street Food, Chinese",India
102439,Muhammadi Palace,Jaipur,2457,3.9,"North Indian, Mughlai",India
100149,Kanha,Jaipur,1475,4.0,"North Indian, Street Food",India
102695,Thali and More,Jaipur,1820,4.3,"North Indian, South Indian, Italian, Chinese",India
100910,Rawat Mishthan Bhandar,Jaipur,2184,4.1,"Mithai, North Indian, South Indian, Chinese",India
18733012,Fat Lulu's,Jaipur,669,4.3,"Continental, Pizza, Burger, American",India
100611,M.M. Khan Hotel,Jaipur,1774,4.0,North Indian,India
18868487,Vegetrainian,Jaipur,366,4.5,"North Indian, Italian, Chinese",India
18602340,Stepout Cafe,Jaipur,810,4.3,"Cafe, Italian, Lebanese, Mexican",India
101736,Kanha,Jaipur,1266,4.1,"North Indian, Street Food",India
100148,Kanha,Jaipur,1449,4.0,"North Indian, Street Food",India
101212,Tapri Central,Jaipur,2862,4.9,"Cafe, Fast Food",India
101777,Kanha,Jaipur,748,4.1,"North Indian, Street Food",India
18467090,Manuhaar,Jaipur,837,4.0,"Mithai, Bakery, Fast Food",India
18578663,Masala Ministry,Jaipur,945,4.5,"North Indian, Chinese, Fast Food",India
18766005,The Esplendido Cafe,Ahmedabad,1001,4.4,"Cafe, American, Italian, Chinese, Beverages",India
18882467,Makeba - The Lounge Cafe,Ahmedabad,368,4.2,"Cafe, Italian, Mexican, Healthy Food",India
110208,Honest,Ahmedabad,823,3.9,"North Indian, South Indian, Fast Food, Chinese",India
18385186,The Cafe Baraco,Ahmedabad,1528,4.3,"Cafe, Italian",India
18396250,Huber & Holly,Ahmedabad,1413,4.8,"Cafe, Desserts",India
18658177,Millhouse,Ahmedabad,773,4.2,"Continental, Italian",India
18672107,Eleven 11 Restro Cafe,Ahmedabad,1079,4.3,"Cafe, Italian, North Indian",India
18902811,Legends Of Punjab - By Pepperazi,Ahmedabad,218,4.1,"North Indian, Italian, BBQ, Mexican, Thai",India
112466,Jay Nilkanth Food,Ahmedabad,1346,3.1,"North Indian, Chinese",India
18663856,The Red Bistro,Ahmedabad,491,4.6,"Mexican, Italian, North Indian",India
18766904,The Secret Kitchen,Ahmedabad,441,4.1,North Indian,India
18627705,I Love Sandwich House,Ahmedabad,1106,4.2,"Cafe, Sandwich",India
18819827,Kadak Bhagat,Ahmedabad,444,4.6,"North Indian, Chinese, Fast Food",India
18874418,Upri Manzil,Ahmedabad,297,4.1,"North Indian, Italian, Continental",India
18578691,Bogarosa,Ahmedabad,1156,4.1,"Continental, North Indian",India
110026,Barbeque Nation,Ahmedabad,2236,4.5,"Mughlai, North Indian, BBQ",India
18545544,Mocha,Ahmedabad,970,4.4,"Cafe, Italian",India
113234,Shree Annpurna,Ahmedabad,1795,4.1,"North Indian, Chinese",India
111826,Yanki Sizzlers,Ahmedabad,3437,4.9,"Continental, Italian, Chinese",India
18480250,Cafe De Italiano,Ahmedabad,770,4.3,Cafe,India
120687,Subway,Mohali,1438,4.3,"Healthy Food, Sandwich, Salad",India
18848676,Beach N Brew,Chandigarh,420,4.5,"North Indian, Continental, Chinese",India
121896,Bhena Da Dhaba,Mohali,1668,3.9,North Indian,India
121335,Pirates of Grill,Chandigarh,2033,4.4,North Indian,India
121316,Nando's,Chandigarh,902,4.9,"Portuguese, Wraps, Burger, Salad",India
124170,Sector 7 Social,Chandigarh,2557,4.7,"Continental, American, Asian, North Indian, Momos, Beverages",India
18634639,Pradhan Dhaba,Chandigarh,925,4.0,"North Indian, Chinese, Fast Food",India
123013,Amrit Sweets,Mohali,1057,4.0,"Mithai, North Indian, South Indian, Street Food",India
120767,New Panna Sweets,Chandigarh,1778,3.9,"Street Food, Chinese, Fast Food, Mithai, North Indian, Burger, Desserts, Pizza",India
18694731,DND - Daily Nutritional Diet,Mohali,586,4.5,"Healthy Food, Salad",India
122418,Burger King,Chandigarh,1174,4.1,"Burger, Fast Food",India
120999,Jalandhar Sweets,Chandigarh,1319,4.0,"South Indian, North Indian, Chinese, Mithai",India
121425,Super Donuts,Chandigarh,1335,4.4,"Desserts, Burger, Fast Food",India
124158,The Hedgehog Café,Chandigarh,1031,4.5,"Cafe, Italian, American, Continental",India
123043,Khalsa Dhaba,Mohali,1094,3.9,"North Indian, South Indian, Chinese",India
18609823,Falcon Cafe Lounge,Panchkula,1589,4.6,Cafe,India
122653,Food@U,Chandigarh,2129,4.2,"North Indian, Chinese, South Indian, Rolls",India
120554,Books N Brew,Chandigarh,1108,3.7,"Cafe, Fast Food, Italian, Chinese",India
122875,Tossin Pizza,Chandigarh,846,4.2,"Pizza, Italian",India
123191,CAFÈ JC's,Chandigarh,1277,4.4,"Continental, Cafe, North Indian, Chinese, American",India
130309,Purple Martini,Goa,1507,4.8,"Continental, Seafood, Italian, Mediterranean, North Indian",India
130409,Baba Au Rhum,Goa,1282,4.6,"Italian, French, Cafe",India
16512333,Britto's Bar & Restaurant,Goa,3900,4.3,"Chinese, Continental, Goan, North Indian, Seafood",India
16524239,Bay 15,Goa,369,4.4,"Thai, Chinese, Indian, Goan, North Indian, Italian, Mediterranean, Seafood",India
130535,The Fisherman's Wharf,Goa,1427,4.7,"Seafood, Goan, North Indian, Continental, Asian",India
18685303,The Fisherman's Wharf,Goa,882,4.6,"Seafood, Goan, North Indian, Continental, Asian",India
130427,Artjuna,Goa,579,4.4,"Healthy Food, Mediterranean, Cafe, Israeli, Lebanese",India
18601542,The Lazy Goose,Goa,783,4.6,"Seafood, Goan, Continental",India
130888,The Black Sheep Bistro,Goa,1850,4.7,"Seafood, Continental, European, German",India
18555916,Tio Tilly's Bar & Kitchen,Goa,560,4.4,"Continental, Finger Food, Burger, Pizza",India
16519168,Martin's Corner,Goa,2226,4.6,"Goan, Seafood, Chinese, North Indian",India
16512336,Fat Fish,Goa,1957,4.2,"North Indian, Continental, Goan",India
130230,Curlies,Goa,2816,3.8,"Continental, North Indian, Italian, Seafood, Goan",India
16525595,Cafe Cotinga,Goa,513,4.4,"Continental, North Indian, Bakery",India
18232814,Kokni Kanteen,Goa,839,4.6,Goan,India
16541849,The Fisherman's Wharf,Goa,1197,4.5,"Seafood, Goan, North Indian, Continental, Asian",India
130567,Souza Lobo,Goa,1548,4.3,"Chinese, Continental, Goan, Finger Food, North Indian",India
130430,Co Co Mo,Goa,232,4.4,"North Indian, Chinese, Goan, Russian, Italian",India
16519268,La Plage,Goa,545,4.4,"Seafood, French",India
18558647,Navtara Veg Restaurant,Goa,583,4.5,"South Indian, North Indian, Chinese, Mughlai",India
1400382,Shree Gurukripa,Indore,1750,4.2,North Indian,India
1400038,Apna Sweets,Indore,1331,4.2,"Mithai, North Indian, South Indian, Beverages",India
18715348,The Monroe,Indore,647,4.4,"Italian, Chinese, North Indian",India
1402185,Shree Gurukripa,Indore,1270,4.1,North Indian,India
1400208,Apna Sweets,Indore,1387,4.1,"Mithai, North Indian, South Indian, Beverages",India
1401685,Dutt Guru Kripa,Indore,1138,4.0,"North Indian, Fast Food",India
18675443,Sagar Gaire,Indore,2857,4.1,"South Indian, North Indian, Fast Food",India
1400574,Hotel Rajhans,Indore,1788,3.8,North Indian,India
1400056,Nafees Restaurant,Indore,2819,4.2,"North Indian, Mughlai",India
18713037,Tic Tac Toe,Indore,354,4.5,"North Indian, Chinese, Fast Food",India
1401724,Hotel Guru Kripa Avenue,Indore,1147,4.0,North Indian,India
18254231,Oye24,Indore,1370,4.0,"North Indian, Chinese",India
1400287,Madhuram Sweets,Indore,584,4.1,"South Indian, Fast Food, Mithai",India
1401774,Banana Leaf,Indore,751,4.3,"South Indian, North Indian",India
18684400,Little Monk,Indore,381,4.2,"North Indian, Italian, Chinese, Mughlai",India
1400310,Vijay Chaat House,Indore,561,4.5,"Mithai, Street Food",India
1400311,Apna Sweets,Indore,1634,3.9,"Mithai, North Indian, South Indian, Beverages",India
18395137,Just My Bakes,Indore,716,4.1,"Cafe, North Indian",India
1402252,Mustang - Hotel Somdeep Palace,Indore,1109,4.8,"North Indian, Chinese",India
18601095,Indore Kitchen - Indore Marriott Hotel,Indore,534,4.4,"North Indian, Italian, Asian, Fast Food",India
18746380,Domino's,Gangtok,53,3.2,"Pizza, Fast Food",India
18746904,Baker's Cafe,Gangtok,53,3.4,"Cafe, Bakery",India
16500301,The Dragon Wok,Gangtok,36,3.3,Chinese,India
18746039,Osm Restaurant,Gangtok,65,3.5,"North Indian, Continental, Chinese",India
18746176,Taste of Tibet,Gangtok,39,3.4,"Tibetan, Chinese",India
18746050,Osm Lounge,Gangtok,16,3.3,Finger Food,India
16500332,Nimtho,Gangtok,31,3.6,"Tibetan, Nepalese",India
18746004,Bonfire ,Gangtok,24,3.4,"Tibetan, North Indian, Fast Food, Chinese",India
16500309,Roll House,Gangtok,29,3.3,Fast Food,India
16500300,The Local Cafe,Gangtok,34,3.5,"Tibetan, Italian",India
18746148,Chopstick,Gangtok,22,3.5,Chinese,India
18746007,Parivar,Gangtok,18,3.2,"South Indian, Chinese, North Indian",India
18922563,Domino's Pizza,Gangtok,12,3.2,"Pizza, Fast Food",India
18746062,Cafe Live & Loud ,Gangtok,22,3.3,"North Indian, Continental, Chinese",India
18746689,Baker's Cafe,Gangtok,15,3.4,"Cafe, Bakery",India
16500321,Momo King ,Gangtok,15,3.3,"Nepalese, Chinese",India
16500330,Khan Uncle's Biryani House,Gangtok,24,3.4,"Fast Food, Biryani, Chinese",India
16500333,Nimtho,Gangtok,14,3.2,"Tibetan, Nepalese",India
16500304,Thakali,Gangtok,10,3.2,Nepalese,India
18983524,Mehfill- Resto Bar,Gangtok,3,0.0,North Indian,India
18629821,Sula Vineyards,Nashik,228,4.7,"Cafe, Pizza, North Indian",India
1600099,Kokni Darbar,Nashik,938,4.2,"Fast Food, Chinese, Mughlai",India
1600067,Al Arabian Express,Nashik,689,4.4,Mughlai,India
1600136,Dairy Don,Nashik,342,4.5,Ice Cream,India
18585945,The Foundry- Industrial Bar & Sport,Nashik,212,4.6,"Continental, Italian, American",India
18839989,Samarth Juice Center,Nashik,306,4.3,"Beverages, Juices",India
18943921,Burger Point,Nashik,144,4.3,"Burger, Fast Food",India
1600500,The Sidewalk,Nashik,214,4.9,"Continental, Indian, Chinese",India
18608708,Burger King,Nashik,418,4.3,"Burger, Fast Food",India
1600258,Barbeque Nation,Nashik,772,4.8,"North Indian, European, Mediterranean, Asian",India
18632170,Panorama,Nashik,179,4.6,"North Indian, Chinese",India
1600169,Veg Aroma,Nashik,289,4.1,North Indian,India
1600301,Cellar Door @ York,Nashik,102,4.4,"North Indian, Maharashtrian, Chinese",India
18658877,Rock n' Roll,Nashik,349,3.9,"Rolls, Fast Food, Chinese",India
1600227,Divtya Budhlya Wada Restaurant,Nashik,312,4.4,Maharashtrian,India
18573795,The FRIENDS Bistro,Nashik,223,4.5,Cafe,India
1600119,Domino's Pizza,Nashik,274,3.7,"Pizza, Fast Food",India
1600109,Eastern Spice,Nashik,216,4.0,North Indian,India
18962186,Hotel Mughal Darbar,Nashik,130,4.2,"Mughlai, North Indian, Chinese",India
1600029,Barbeque Ville,Nashik,328,4.2,North Indian,India
18698487,Angaara ,Ooty,144,3.6,"Arabian, Chinese, Continental, South Indian",India
18698864,A2B- Adyar Ananda Bhavan,Ooty,139,3.4,"South Indian, North Indian",India
18698898,Domino's Pizza,Ooty,75,3.3,"Pizza, Fast Food",India
18698690,Nahar Sidewalk Cafe,Ooty,50,3.3,"Cafe, Burger, Pizza",India
18698726,Hyderabad Biriyani House,Ooty,39,3.3,"Andhra, Biryani",India
18699624,Shinkows Chinese Restaurant ,Ooty,62,3.2,Chinese,India
18698924,Hyderabad Biryani House,Ooty,61,3.2,"Andhra, Biryani",India
18698964,Thalassery Restaurant,Ooty,42,3.3,South Indian,India
18698943,Willy's Coffee Pub,Ooty,39,3.3,Cafe,India
18698658,Place To Bee,Ooty,55,3.7,Italian,India
18698644,Cocoapods,Ooty,24,3.3,Cafe,India
18699681,Darjeeling Spicy Momo,Ooty,20,3.4,"Chinese, Tibetan, Momos",India
18698833,Pankaj Bhojanalaya,Ooty,23,3.3,North Indian,India
18699247,Dining Room,Ooty,8,3.4,"Armenian, Chinese, European, Italian, North Indian, South Indian",India
18698916,New Ooty Bakery ,Ooty,21,3.3,"Mithai, Bakery, Chinese, Fast Food",India
18698797,Hotel Junior Kuppanna,Ooty,20,3.3,"Chettinad, South Indian",India
18698832,Quality Restaurant,Ooty,14,3.2,"Chinese, South Indian, North Indian",India
18700259,Thendral Restaurant,Ooty,7,3.3,South Indian,India
18698688,Cliff Top,Ooty,10,3.3,"North Indian, South Indian, European",India
18698999,Ooty Coffee House ,Ooty,14,3.3,South Indian,India
18848790,The Brew Estate,Shimla,148,4.0,"North Indian, Continental",India
18703923,Cafe Simla Times,Shimla,185,4.1,"Cafe, North Indian, Continental, Beverages, Chinese",India
18703946,Cafe Sol,Shimla,71,3.6,Cafe,India
18704132,Indian Coffee House,Shimla,66,3.7,"Fast Food, Beverages",India
18704176,Hide Out Cafe,Shimla,71,3.6,Cafe,India
18704216,45 The Central,Shimla,46,3.6,"North Indian, European, Asian",India
18704153,Domino's,Shimla,119,3.5,Pizza,India
18704300,Sher-e-Punjab,Shimla,54,3.3,North Indian,India
18703974,Cafe Under Tree,Shimla,44,3.6,Cafe,India
18704318,Sita Ram & Son ,Shimla,56,3.5,Street Food,India
18704259,Honey Hut,Shimla,49,3.6,Cafe,India
18703932,Eighteen 71,Shimla,46,3.6,"Continental, North Indian, Chinese, Bakery, Beverages",India
18703939,Embassy The Restaurant,Shimla,46,3.0,Cafe,India
18703966,HPTDC Goofa Ashiana Bar and Restaurant,Shimla,38,3.5,Continental,India
18704355,Gupta Ji Bhojnalya,Shimla,47,3.3,"North Indian, Street Food",India
18703964,Nalini,Shimla,22,3.2,"North Indian, Chinese, South Indian",India
18704552,Diamond,Shimla,30,3.2,"Mithai, Fast Food",India
18704352,China Town Restaurant,Shimla,16,3.5,Chinese,India
18704339,Hotel Combermere,Shimla,28,3.6,Cafe,India
18704457,Singh's Tandoor,Shimla,48,3.3,"North Indian, Fast Food",India
18784840,The Table By Basant,Ludhiana,884,4.4,"North Indian, Pizza, Fast Food, Burger, Sandwich, Rolls",India
15401,Natural Soups & Shakes,Ludhiana,895,4.5,"Fast Food, Beverages, Street Food",India
15221,Basant,Ludhiana,1315,4.4,"North Indian, Chinese, South Indian, Fast Food",India
18400368,Pirates Of Grill,Ludhiana,982,4.9,"North Indian, Mughlai",India
15008,Hot Breads,Ludhiana,1086,4.4,"Continental, Chinese, Italian, Bakery",India
18680874,Natural 2,Ludhiana,525,4.3,"Chinese, Burger, Sandwich, Rolls, Momos",India
15047,Rishi Vegetarian Dhaba NK,Ludhiana,2158,4.2,North Indian,India
18444271,Hawai Adda,Ludhiana,745,4.5,"Chinese, Continental, Indian, North Indian",India
15556,New Delhi Chhole Bhature,Ludhiana,978,4.0,"North Indian, Street Food",India
18728655,Uncle Jack's,Ludhiana,703,4.8,"American, Desserts, Beverages",India
15239,Basant Restaurant,Ludhiana,990,4.1,"North Indian, Chinese, Fast Food",India
15101,Bansi Vaishno Dhaba,Ludhiana,1813,4.0,North Indian,India
18586834,Burger King,Ludhiana,1283,4.0,"Burger, Fast Food",India
15295,Raja Dhaba,Ludhiana,1166,4.1,"North Indian, Street Food, Chinese, Burger, Pizza, Biryani, South Indian",India
18282260,KFC,Ludhiana,1170,4.1,"Burger, Fast Food",India
15077,Meshi Vaishnu Dhaba,Ludhiana,900,4.0,North Indian,India
18729016,K Chawla Ice Cream & Sweets,Ludhiana,385,4.4,"Mithai, Ice Cream, Chinese, Burger, Sandwich, Pizza, Rolls, Momos",India
15488,Shahi Khansama,Ludhiana,1298,4.2,"North Indian, Chinese, Fast Food, Rolls",India
15127,Vipan Vaishno Dhaba,Ludhiana,636,4.1,North Indian,India
18583331,Gopal Sweets,Ludhiana,485,4.3,"Mithai, Fast Food",India
2100712,Mocha,Guwahati,1069,4.8,"Cafe, Italian",India
2101445,The Steaming Mug ,Guwahati,542,4.2,Cafe,India
2100702,Barbeque Nation,Guwahati,1795,4.9,"North Indian, Mediterranean",India
2100707,KFC,Guwahati,459,4.1,"Burger, Fast Food",India
2100719,The Corner Cafe,Guwahati,682,4.1,"Cafe, Continental, Momos",India
18633388,Kalita Cafe,Guwahati,294,4.4,"Rolls, Bakery, European",India
2100784,11th Avenue Cafe Bistro,Guwahati,1049,4.2,"Cafe, American, Italian, Continental",India
2100118,The Dhaba,Guwahati,645,4.1,"North Indian, Biryani",India
2100478,Terra Mayaa Restaurant and Lounge,Guwahati,808,4.1,"Continental, Italian, Indian, Asian",India
2100821,Raja Mircha,Guwahati,576,4.7,"Assamese, Naga",India
2100832,Mast Biryani,Guwahati,880,4.5,"North Indian, Biryani",India
18710093,Fat Belly,Guwahati,300,4.3,"Chinese, Thai, Momos",India
18801521,Cafe Gram,Guwahati,150,4.0,"Chinese, Biryani",India
2100644,KFC,Guwahati,633,3.8,"Burger, Fast Food",India
2100495,Grill Republica,Guwahati,503,4.3,"Rolls, Momos, Burger",India
2100913,Kalita Spectrum,Guwahati,398,4.7,"Chinese, Biryani, Desserts",India
2100904,Mughal Garden,Guwahati,488,4.4,"Mughlai, North Indian",India
18702475,Nanz Cafe,Guwahati,247,4.5,"Cafe, Momos",India
18381932,The Zouq : Resto-Cafe,Guwahati,594,3.8,"Chinese, Cafe, Italian, North Indian",India
18480196,Fat Belly,Guwahati,781,4.6,"Asian, Chinese, Tibetan, Momos",India
2200000,Kesar Da Dhabha,Amritsar,2569,4.6,North Indian,India
2200044,Bharawan Da Dhaba,Amritsar,989,4.3,"North Indian, Fast Food",India
2200132,Bade Bhai ka Brothers Dhaba,Amritsar,1005,4.4,North Indian,India
2200105,R K Food Plaza,Amritsar,504,4.2,"North Indian, Chinese, Fast Food",India
2200055,Beera Chicken House,Amritsar,876,4.3,North Indian,India
2200045,The Kulcha Land,Amritsar,812,4.5,"North Indian, Street Food",India
2200011,Makhan Fish and Chicken Corner,Amritsar,867,4.0,"North Indian, Chinese",India
2200365,Cafe Connect,Amritsar,395,4.1,Fast Food,India
2200864,Burger King,Amritsar,568,4.1,Burger,India
2200386,Kale Da Dhaba,Amritsar,493,4.2,North Indian,India
2200236,Brothers' Amritsari Dhaba,Amritsar,343,4.3,North Indian,India
2200245,Novelty Sweets,Amritsar,345,4.2,Mithai,India
2200358,Bon Gateau,Amritsar,413,4.3,"Cafe, Bakery, Fast Food",India
2200314,Domino's Pizza,Amritsar,663,3.8,"Pizza, Fast Food",India
2200534,Sip n Breww,Amritsar,399,3.9,Cafe,India
2200357,Sanjha Chulha,Amritsar,465,4.2,North Indian,India
2200283,Sakhis Watz Kukin,Amritsar,385,4.4,"Chinese, Continental, North Indian, Italian, Mughlai",India
2200153,Kanha Sweets,Amritsar,451,4.7,Fast Food,India
2200923,Hungry Pizza,Amritsar,294,4.0,"Fast Food, Italian, Pizza",India
2200286,Cafe Chokolade,Amritsar,301,4.0,"Salad, Cafe, Healthy Food, Fast Food",India
2300179,Talk Of The Town,Kanpur,604,4.4,Chinese,India
2300175,Mithas,Kanpur,457,4.4,"Mithai, Fast Food, Street Food, South Indian",India
2300842,Hot Pizza Ace,Kanpur,472,4.0,"Pizza, Fast Food",India
18209832,Zyka Restaurant,Kanpur,596,4.1,"North Indian, Biryani, Desserts, Fast Food, Pizza",India
2300299,Domino's Pizza,Kanpur,1000,3.5,"Pizza, Fast Food",India
18697142,Facebook Point,Kanpur,383,4.0,"Burger, Chinese, North Indian, Rolls",India
2300884,Sagar Ratna,Kanpur,447,4.3,"South Indian, North Indian, Chinese",India
18811222,Chauuan Pandit Paties,Kanpur,419,4.5,Fast Food,India
2300981,Bazooka,Kanpur,874,3.9,"Cafe, North Indian, Chinese",India
2300729,Juicebox,Kanpur,338,4.3,"Beverages, Fast Food",India
2300984,Foodoo Pizza,Kanpur,399,3.8,"Fast Food, Pizza, Chinese",India
2300092,Pandit's,Kanpur,321,4.2,"North Indian, Mithai",India
2300492,Baba Food Court,Kanpur,352,4.1,"Mughlai, Hyderabadi",India
2301845,Mi Casa,Kanpur,141,4.4,"Continental, Italian, Fast Food, Burger, American, Chinese",India
2300502,Silver Spoons,Kanpur,422,4.2,"Bakery, Fast Food, Chinese, Continental, Italian, Momos, Pizza",India
2300051,Domino's Pizza,Kanpur,1090,3.9,"Pizza, Fast Food",India
2300050,Baba Biryani,Kanpur,422,4.1,"Mughlai, Hyderabadi",India
2300549,Mithas,Kanpur,337,4.3,"Mithai, Desserts, Fast Food, Street Food",India
2300104,Spicy Foods,Kanpur,440,4.0,"North Indian, Fast Food",India
2300035,KFC,Kanpur,611,4.1,"Burger, Fast Food",India
2400349,Pizza Hut,Allahabad,565,4.0,"Italian, Pizza",India
2400358,Domino's Pizza,Allahabad,520,3.7,"Pizza, Fast Food",India
2400193,Mr. Dewsis,Allahabad,485,4.2,"North Indian, Chinese",India
2400565,Old School Cafe,Allahabad,360,4.4,"Cafe, North Indian, Continental, Chinese, Indian, Thai, Burger",India
2400018,El Chico Restaurant,Allahabad,506,4.3,"Continental, North Indian, Chinese",India
2400394,Well Bean Cafe,Allahabad,284,4.4,Cafe,India
2400269,Hot n Cool,Allahabad,236,4.3,"Desserts, Fast Food, Ice Cream",India
2400119,KFC,Allahabad,431,4.2,"Burger, Fast Food",India
18799013,Nainital Momos,Allahabad,123,4.1,"Momos, Beverages",India
2400009,Sagar Ratna,Allahabad,621,4.4,"South Indian, North Indian, Chinese, Continental",India
2400014,McDonald's,Allahabad,526,4.3,"Burger, Fast Food",India
2400356,Domino's Pizza,Allahabad,515,3.9,"Pizza, Fast Food",India
2400017,Tandoor Restaurant,Allahabad,343,2.8,"North Indian, Chinese",India
2400019,Bikanerwala,Allahabad,224,4.2,"North Indian, Street Food, Fast Food",India
18889008,EDEN by Connoisseur,Allahabad,95,4.5,"North Indian, Chinese, Continental",India
2400403,Pind Balluchi,Allahabad,305,4.3,"North Indian, Mughlai",India
2400020,Aryan Family's Delight,Allahabad,298,4.3,"North Indian, South Indian, Fast Food",India
2400533,SCORE - The Games Cafe,Allahabad,332,4.5,"Cafe, Desserts, Beverages",India
18901221,7th Heaven,Allahabad,78,4.0,"Bakery, Italian, Continental, Desserts",India
2400390,Haldiram Bhujiawala,Allahabad,313,4.1,"North Indian, Fast Food, Street Food, South Indian, Chinese",India
2500904,Kef Lounge,Aurangabad,256,4.6,"North Indian, Chinese, Thai",India
2500672,SNT Tahari House ,Aurangabad,379,4.4,Maharashtrian,India
2500034,Green Leaf,Aurangabad,798,4.8,"Chinese, North Indian",India
2500969,Mustafa's Dum Biryani,Aurangabad,787,3.7,Biryani,India
2500346,Yalla Yalla,Aurangabad,576,4.3,"North Indian, Hyderabadi, Biryani",India
2500135,Domino's Pizza,Aurangabad,511,2.6,"Pizza, Fast Food",India
2500211,Saurabh Restaurant,Aurangabad,356,4.7,"North Indian, Mughlai, Biryani, South Indian, Chinese",India
2500123,Great Sagar Restaurant,Aurangabad,458,4.1,"North Indian, Mughlai, Kebab, Biryani",India
2500332,KFC,Aurangabad,436,4.3,"Burger, Fast Food",India
2500030,Bhoj Restaurant,Aurangabad,527,4.6,North Indian,India
2500654,Sagar Restaurant ,Aurangabad,278,4.0,North Indian,India
2500055,Smile Veg Restaurant,Aurangabad,387,4.3,"North Indian, South Indian, Fast Food, Chinese",India
2500164,Koyla Dum Biryanis & Kebabs,Aurangabad,487,2.7,Biryani,India
2500353,Pizza Hut,Aurangabad,434,4.0,"Pizza, Fast Food",India
2500385,Gayatri Mewad,Aurangabad,329,4.5,Maharashtrian,India
2500146,Sai Prasad,Aurangabad,350,4.5,"North Indian, Chinese",India
2500241,Cone-N-Cakes,Aurangabad,263,4.4,"Desserts, Fast Food",India
2500052,Ashoka's Veg Restaurant,Aurangabad,280,4.0,"South Indian, Chinese, North Indian",India
18796129,Shahi Mughal Darbar,Aurangabad,225,4.5,"North Indian, Mughlai, Chinese",India
2500134,Domino's Pizza,Aurangabad,386,3.1,"Pizza, Fast Food",India
2600334,Sagar Gaire Fast Food,Bhopal,1393,4.5,"North Indian, South Indian, Chinese, Fast Food, Beverages",India
2600081,Zam Zam Fast Food,Bhopal,1551,4.3,North Indian,India
2600369,Sagar Gaire Fast Food,Bhopal,999,4.5,"Fast Food, Chinese, Beverages",India
2600499,Zam Zam Fast Food,Bhopal,863,4.1,"North Indian, Mughlai",India
2600003,Manohar Dairy And Restaurant,Bhopal,753,4.4,"Street Food, South Indian, Fast Food, Desserts, North Indian, Chinese, Bakery, Mithai",India
2600109,Sagar Gaire Fast Food,Bhopal,2470,4.6,"North Indian, South Indian, Chinese, Fast Food, Beverages",India
2600665,Vishnu Chinese Fast Food,Bhopal,797,4.3,"North Indian, South Indian, Chinese, Fast Food",India
2600321,Sagar Gaire Fast Food,Bhopal,755,4.2,"North Indian, South Indian, Chinese, Fast Food, Beverages",India
2600051,Al-Beik,Bhopal,1017,4.3,Fast Food,India
18154918,Khan Sahab,Bhopal,737,4.2,Mughlai,India
2601361,Sagar Gaire Fast Food,Bhopal,639,4.1,"South Indian, North Indian, Chinese, Fast Food, Beverages",India
2600320,Sagar Gaire Fast Food,Bhopal,1157,4.4,"North Indian, South Indian, Chinese, Fast Food, Beverages",India
18812768,Anni Bhai ki Biryani,Bhopal,276,4.5,Biryani,India
2600047,Bapu Ki Kutia,Bhopal,519,3.9,"North Indian, Chinese, South Indian, Fast Food, Street Food",India
2601776,Khan Chacha,Bhopal,591,4.0,North Indian,India
18772225,Sagar Gaire Fast Food,Bhopal,356,4.1,"Fast Food, Chinese, South Indian, Beverages",India
2601248,Sagar Gaire Fast Food,Bhopal,496,4.2,"South Indian, North Indian, Chinese, Fast Food, Beverages",India
2601595,Sagar Gaire Fast Food,Bhopal,386,4.1,"South Indian, North Indian, Chinese, Fast Food, Beverages",India
2600913,32 Degree North East,Bhopal,308,4.6,North Indian,India
2600008,Bake N Shake,Bhopal,649,4.6,"Bakery, Chinese, Continental, Pizza, Italian, Sandwich, Beverages, Cafe",India
2700085,Kaveri - Lalpur,Ranchi,809,4.2,"North Indian, Chinese, South Indian, Biryani, Fast Food",India
2700048,Domino's Pizza,Ranchi,1053,4.1,"Pizza, Fast Food",India
2700059,Punjab Sweet House,Ranchi,915,4.5,"Mithai, Street Food, Desserts, South Indian, Beverages",India
18388053,The Best,Ranchi,398,4.3,"North Indian, Pizza, South Indian, Bakery, Fast Food, Sandwich, Burger",India
2700606,Second Wife Restaurant,Ranchi,381,4.2,"Chinese, Fast Food, Burger",India
2700423,Punjabi Kitchen,Ranchi,588,4.2,"North Indian, Biryani, Fast Food",India
2700336,The Mezbaan,Ranchi,616,4.0,"North Indian, Biryani, Chinese, Fast Food",India
2700986,Domino's Pizza,Ranchi,596,3.7,"Pizza, Fast Food",India
2700458,The Breaking Bread,Ranchi,395,4.6,"Cafe, Bakery, Italian",India
18159977,Hot Lips,Ranchi,327,4.2,"North Indian, Chinese, Biryani, Pizza, Street Food, Desserts, Beverages",India
2700558,KFC,Ranchi,336,4.2,"Burger, Fast Food",India
2700489,Jashn,Ranchi,370,4.3,"North Indian, Chinese, Fast Food",India
2700044,KFC,Ranchi,584,4.1,"Burger, Fast Food",India
2700024,New Kathi Kabab,Ranchi,607,4.1,"North Indian, Chinese, Biryani, Fast Food",India
2700047,Domino's Pizza,Ranchi,513,3.8,"Pizza, Fast Food",India
2700081,Seasons Restaurant,Ranchi,457,4.1,"North Indian, Chinese, Fast Food, Biryani, Street Food, Pizza, Desserts, Beverages",India
2700696,Kareem's,Ranchi,485,4.2,"Biryani, North Indian, Mughlai, Street Food, Desserts",India
2700779,Sardar Fast Food Plaza,Ranchi,384,3.9,"Chinese, North Indian, Biryani, Fast Food",India
2700049,Pizza Hut,Ranchi,373,4.2,Pizza,India
2700011,Seventh Heaven,Ranchi,520,4.3,"South Indian, North Indian, Chinese, Pizza, Street Food, Biryani, Burger, Sandwich",India
2800993,Zeeshan Restaurant - Apna Hyderabadi Food,Vizag,1986,4.3,"Hyderabadi, Mughlai",India
2800294,Sri Sairam Parlour,Vizag,1377,4.6,"South Indian, North Indian",India
2801554,Helapuri Restaurant,Vizag,1283,4.1,"Biryani, Chinese, North Indian, South Indian",India
2800014,KFC,Vizag,1825,4.3,"Burger, Fast Food",India
2800096,Kamat Restaurant,Vizag,1468,4.4,"Andhra, North Indian, Chinese, Seafood, Biryani",India
2801173,Paradise,Vizag,1073,3.8,"Biryani, North Indian, Chinese",India
2801561,Indian Flavours Restaurant,Vizag,672,4.0,"North Indian, Chinese, Biryani, South Indian",India
18766029,Helapuri Restaurant,Vizag,553,3.8,"Biryani, Chinese, North Indian, South Indian",India
2801545,Helapuri Restaurant,Vizag,596,4.0,"Biryani, Chinese, North Indian",India
2801559,Hotel V Parlour,Vizag,593,4.2,"South Indian, North Indian, Chinese",India
2800083,My Restaurant,Vizag,825,4.2,"Andhra, North Indian, Chinese, Biryani",India
2801648,Helapuri Restaurant,Vizag,582,3.7,"Biryani, Chinese, North Indian, South Indian",India
2800901,Paradise,Vizag,1707,3.8,"Biryani, North Indian, Chinese",India
2801034,"Fresh Choice- Patisserie, Bakery & Café",Vizag,430,4.7,"Bakery, Cafe",India
2800790,Hotel Grand Alpha,Vizag,1010,2.9,"Biryani, North Indian, Chinese",India
2800868,Raju's Kitchen,Vizag,544,4.1,"Chinese, North Indian, Fast Food",India
2801236,KFC,Vizag,1035,4.0,"Burger, Fast Food",India
18809359,Helapuri Tiffins,Vizag,499,3.8,South Indian,India
2800114,New Satyam Multicuisine Restaurant & Takeaway,Vizag,847,4.0,"North Indian, Chinese, Andhra",India
2800903,Mekong - Hotel GreenPark,Vizag,635,4.7,"Chinese, Thai, Burmese, Vietnamese, Tibetan, Japanese, Momos",India
18805782,Chili's Grill & Bar,Bhubaneshwar,301,4.9,"Tex-Mex, Fast Food",India
2902018,Biryani Bhubaneswar,Bhubaneshwar,1393,4.0,Biryani,India
18991874,Breathe By Biswajit,Bhubaneshwar,90,3.8,"North Indian, Chinese, Seafood, Desserts, Beverages",India
2901195,BOCCA Cafe,Bhubaneshwar,733,4.5,Cafe,India
2900234,TCD Restaurant & Banquet,Bhubaneshwar,872,4.1,"Fast Food, North Indian, Chinese",India
2900509,Chandini Food Magic,Bhubaneshwar,579,3.2,Fast Food,India
18237402,Biggies Burger 'n' More,Bhubaneshwar,676,4.4,Fast Food,India
18271459,JUGAAD JN.,Bhubaneshwar,1112,4.3,"North Indian, Rajasthani",India
2901460,Sher-e-Punjab,Bhubaneshwar,659,3.7,"North Indian, Chinese, Mughlai",India
18770281,Three Kings,Bhubaneshwar,333,4.5,"Arabian, Mughlai, Lebanese",India
2900667,Biryani247,Bhubaneshwar,1107,3.9,"Biryani, North Indian, Mughlai, Momos",India
2900453,KFC,Bhubaneshwar,669,4.2,"Burger, Fast Food",India
2900474,Narula's Restaurant,Bhubaneshwar,931,4.4,"North Indian, Mughlai",India
18848926,Moody Blues,Bhubaneshwar,324,4.5,"Chinese, Italian, Continental, Mexican, Arabian",India
18753913,Biriyani King,Bhubaneshwar,559,3.9,Biryani,India
18285395,Biriyani Box,Bhubaneshwar,836,3.9,"Biryani, Hyderabadi, Rolls, Kebab",India
2900232,Domino's Pizza,Bhubaneshwar,831,4.1,"Pizza, Fast Food",India
2900222,KFC,Bhubaneshwar,957,4.0,"Burger, Fast Food",India
2900793,JUGAAD JN.,Bhubaneshwar,499,4.2,Fast Food,India
2900658,Biggies Burger 'n' More,Bhubaneshwar,940,4.7,"Fast Food, Burger",India
3000152,Cock Ra Co,Coimbatore,489,4.2,"North Indian, Chinese, South Indian",India
3000214,Shahi Grill,Coimbatore,654,4.1,"Chettinad, North Indian, Chinese",India
3001572,The French Door Cafe & Restaurant,Coimbatore,429,4.7,"Cafe, Continental, French, North Indian, European",India
3002026,The Chocolate Room,Coimbatore,356,4.9,"Cafe, Desserts",India
3001032,Burger Ka Baap,Coimbatore,816,4.9,"Fast Food, Burger",India
3002715,Yugo,Coimbatore,450,4.3,Cafe,India
3000107,Haribhavanam,Coimbatore,685,4.3,"South Indian, Chettinad, North Indian",India
18242351,Eleven 2 Eleven,Coimbatore,277,4.1,"Chinese, North Indian, Seafood, South Indian",India
3002291,Dindigul Venu Biryani,Coimbatore,349,4.0,Biryani,India
3001315,Hotel Delhi Dharbarr,Coimbatore,444,4.0,"South Indian, Chinese, Biryani",India
3000048,Barbeque Nation,Coimbatore,881,4.8,"North Indian, European, Mediterranean",India
3000280,Denmarrk Drive-Inn Restaurant,Coimbatore,320,4.1,"North Indian, Chinese",India
3000572,Sree Annapoorna Sree Gowrishankar,Coimbatore,229,4.4,"South Indian, Chinese, North Indian",India
3000014,Sree Annapoorna Sree Gowrishankar,Coimbatore,427,4.6,"South Indian, North Indian, Chinese",India
18671982,Zucca Pizzeria,Coimbatore,374,4.4,"Pizza, Fast Food",India
18241403,Vaskas Biriyani,Coimbatore,482,3.8,"Biryani, Mughlai",India
3000018,Dindigul Venu Biryani,Coimbatore,477,4.2,Biryani,India
3000251,Pizza Hut,Coimbatore,331,4.0,Pizza,India
3002287,The Slave's Restaurant,Coimbatore,236,4.2,"South Indian, Italian, American, Salad",India
3000811,Shree Anandhaas,Coimbatore,239,4.5,"South Indian, North Indian, Chinese",India
3100210,Ideal Cafe,Mangalore,855,4.6,"Ice Cream, South Indian, Fast Food, Beverages, Desserts",India
3100196,Pabbas,Mangalore,1819,4.9,"Ice Cream, Desserts, Beverages, Fast Food",India
3100302,Machali,Mangalore,1197,4.6,"Seafood, Mangalorean, South Indian",India
3100753,Bamboo Restaurant,Mangalore,537,4.1,"Biryani, North Indian",India
18656648,Waffee House,Mangalore,408,4.4,"Desserts, Beverages",India
3100010,Diesel Cafe,Mangalore,543,4.3,"American, Italian, Pizza, Sandwich",India
3100448,Spindrift,Mangalore,544,4.3,"Continental, Pizza, Italian, Steak, Thai, Finger Food",India
3100924,Dinki Dine,Mangalore,315,4.2,"North Indian, Chinese, South Indian, Burger, Desserts, Beverages",India
3100111,Tandoor,Mangalore,207,4.2,"Seafood, Mangalorean, North Indian, South Indian, Biryani",India
3100044,Village Restaurant,Mangalore,633,4.2,"South Indian, Mangalorean, Arabian, Pizza, Biryani, Chinese, North Indian, Continental",India
3100006,Ideal's,Mangalore,529,4.5,"Ice Cream, Desserts, Beverages",India
3100159,Crave Desserts & Bakes,Mangalore,406,4.3,"Desserts, Bakery, Beverages",India
3100845,Drnk Lab,Mangalore,206,3.9,"Cafe, Burger, Beverages, Fast Food",India
3100134,Andhra House,Mangalore,300,4.0,"Biryani, Andhra, Chinese",India
3100837,Food Junction,Mangalore,240,4.1,"Charcoal Chicken, Arabian, Mughlai, Burger, Chinese, North Indian, Beverages, Desserts",India
3100169,The Old Prax,Mangalore,326,3.9,"Burger, Finger Food, Fast Food",India
3100524,Brick House,Mangalore,309,4.1,"Continental, Chinese",India
3100441,Barbeque Nation,Mangalore,1134,4.6,"North Indian, Chinese",India
3100016,Royal Darbar,Mangalore,253,4.0,"Mughlai, Biryani, North Indian, Desserts, Beverages",India
3100013,Hao Ming,Mangalore,565,4.0,"Chinese, Momos, Beverages",India
18502212,Munchane,Vadodara,1502,4.3,"Pizza, Fast Food",India
18409523,Jassi De Parathe,Vadodara,1664,4.7,North Indian,India
18767071,Day Night Vada Pav & Dabeli,Vadodara,491,4.5,Fast Food,India
3200244,Tasty Vada Pav,Vadodara,398,4.5,Street Food,India
3201876,Brown Burger Co,Vadodara,1043,4.3,"Salad, Healthy Food, Sandwich, Fast Food, Beverages, Burger, Pizza",India
3200606,Santushti Shakes & More,Vadodara,597,4.5,"Beverages, Desserts",India
3200477,Chhappanbhog Restaurant & Banquets,Vadodara,1236,3.8,"Gujarati, North Indian",India
3200424,Domino's Pizza,Vadodara,1068,3.9,"Pizza, Fast Food",India
3200981,Burger King,Vadodara,1326,4.1,"Burger, Fast Food",India
3201787,Saladific,Vadodara,755,4.1,"Healthy Food, Salad, Juices, Sandwich, Fast Food",India
3201965,Old School Eatery,Vadodara,570,4.8,"Fast Food, North Indian",India
18461598,Amritsari Kulcha,Vadodara,497,4.6,Street Food,India
3200029,KFC,Vadodara,1073,4.2,"Burger, Fast Food",India
3201461,Retro Bistro,Vadodara,649,4.4,"North Indian, Lebanese, Moroccan, Italian, Chinese, Continental, Mexican",India
3200139,Hariyali Restaurant,Vadodara,570,4.2,North Indian,India
3200560,Mr Toasties,Vadodara,425,3.9,Fast Food,India
3200555,Shree Kathiyawadi Khadki,Vadodara,460,4.3,"Gujarati, Rajasthani",India
3200298,Yo Frankie,Vadodara,301,4.3,Fast Food,India
3200665,Barbeque Nation,Vadodara,349,4.7,"Mughlai, North Indian",India
3200857,Flavor Restaurant,Vadodara,854,4.0,"Gujarati, North Indian",India
3300072,Dosa Plaza,Nagpur,778,4.0,"Chinese, Fast Food, South Indian",India
18706194,Goosebumps,Nagpur,711,4.3,"Ice Cream, Bakery, Street Food, Chinese",India
3301708,Plan B,Nagpur,311,4.5,"Burger, Salad, Sandwich, Fast Food, Beverages",India
3300056,Barbecue Restaurant,Nagpur,1143,4.8,North Indian,India
3301462,Three Beans,Nagpur,626,4.4,"Cafe, Italian, Continental",India
3300012,Mini Punjab,Nagpur,1800,3.6,"Chinese, North Indian, Mughlai",India
18623894,Bouffage Cafe & Bistro,Nagpur,656,4.7,"Cafe, Continental, North Indian",India
18748677,The Civil Kitchen,Nagpur,232,4.2,"Chinese, Sandwich, Fast Food, North Indian, Burger, Kebab, Mughlai, Desserts",India
3300707,KFC,Nagpur,2101,4.2,"Burger, Fast Food",India
3300958,Barbeque Nation,Nagpur,1274,4.9,"North Indian, Chinese, BBQ",India
3301605,Roast Cafe,Nagpur,863,4.5,"Cafe, Roast Chicken, Fast Food, Wraps, Rolls, Kebab, Desserts",India
18717585,Tanjore - Enter the Deccan,Nagpur,410,4.5,South Indian,India
3301200,Behrouz Biryani,Nagpur,675,4.1,Biryani,India
18394440,Uttar Dakshin by Naivedhyam,Nagpur,1340,4.8,"North Indian, South Indian",India
3300011,Babbu Hotel,Nagpur,972,4.1,"North Indian, Biryani",India
3300058,The Breakfast Story,Nagpur,1081,4.5,Cafe,India
3301013,Zaikart,Nagpur,1647,4.2,"North Indian, Mughlai, Chinese",India
18795312,Juhi's Kitchen,Nagpur,253,4.7,North Indian,India
18664896,Burger Singh,Nagpur,661,4.1,"Fast Food, Burger",India
3301766,Hunger's Den Restaurant & Cafe,Nagpur,563,4.1,"Chinese, Fast Food, North Indian",India
18888066,Kiskey Whiskey,Agra,307,4.5,"North Indian, Continental, Chinese",India
3401013,Bhagat Halwai,Agra,626,4.2,"Fast Food, Mithai",India
3400299,Bikanervala,Agra,640,4.4,"North Indian, South Indian, Mithai, Street Food, Desserts",India
3400290,Bhagat Halwai,Agra,553,4.3,"Desserts, Bakery, Fast Food, South Indian",India
3400005,Mama Chicken Mama Franky House,Agra,893,4.3,"North Indian, Mughlai, Rolls, Chinese, Fast Food, Street Food",India
3401344,Cafe Turquoise Cottage,Agra,292,4.7,"North Indian, Chinese, Continental, Italian, Pizza",India
3400296,Honeydew Restaurant,Agra,484,4.1,"North Indian, Fast Food, Chinese, South Indian",India
3400712,The Greener Side,Agra,408,4.4,Fast Food,India
18966639,Fakira,Agra,41,4.0,North Indian,India
3400275,Domino's Pizza,Agra,585,3.9,"Pizza, Fast Food",India
3400425,Bikanervala,Agra,447,4.4,"North Indian, South Indian, Mithai, Street Food, Desserts",India
3400868,Hichkee,Agra,581,4.4,"Continental, North Indian, Chinese",India
3400850,Urban Deck,Agra,606,4.3,"Mexican, Italian, North Indian",India
3400105,Pizza Hut,Agra,546,4.0,"Italian, Pizza",India
3400279,Mc Donald's,Agra,644,4.2,"Burger, Fast Food",India
3400017,Pinch Of Spice,Agra,860,4.5,"North Indian, Chinese, Mughlai",India
3400282,Aahar,Agra,368,4.0,"North Indian, South Indian, Chinese, Bakery, Momos",India
3400277,Pizza Hut,Agra,331,3.8,"Italian, Pizza",India
3400326,Tea'se Me - Rooftop Tea Boutique,Agra,673,4.7,"Chinese, Italian, Continental, North Indian",India
3400368,Domino's Pizza,Agra,475,3.8,"Pizza, Fast Food",India
3500424,Gaylord Xpress,Dehradun,623,3.9,Fast Food,India
3500484,Kalsang AMA Cafe,Dehradun,800,4.9,Cafe,India
3500505,Barbeque Nation,Dehradun,620,4.8,"North Indian, Mediterranean, BBQ, Chinese",India
3500218,Uss Da Dhaba,Dehradun,575,4.2,North Indian,India
3502144,Mannu Fast Food,Dehradun,315,4.3,"Fast Food, North Indian, Chinese",India
3501639,70 Percent Restro Cafe,Dehradun,314,4.5,"Cafe, Italian, Continental, Healthy Food, Momos",India
3500437,Walk In Woods,Dehradun,405,4.3,"North Indian, Pizza, Chinese, Mughlai",India
18391854,Burger King,Dehradun,323,4.1,"Burger, Fast Food",India
18754629,Domino's Pizza,Dehradun,393,3.8,"Pizza, Fast Food",India
18408585,Punjab Grill,Dehradun,803,4.7,"Mughlai, North Indian",India
3500017,Anandam,Dehradun,376,4.2,"Desserts, North Indian, Chinese, South Indian, Fast Food, Street Food",India
3500250,Ellora's Melting Moments,Dehradun,309,4.3,"Desserts, Bakery, Fast Food",India
3500078,Orchard,Dehradun,748,4.6,"Chinese, Tibetan, Thai, Momos",India
3501364,Chicago BR,Dehradun,285,4.1,"North Indian, Fast Food, Pizza, Desserts",India
3500193,KC Soup Bar,Dehradun,251,3.9,"Fast Food, Chinese, Tibetan, Momos",India
18699236,Tuhada Dhaba,Dehradun,229,4.0,North Indian,India
3500011,Kalsang Friends Corner,Dehradun,813,4.4,"Chinese, Thai, Tibetan, Momos",India
3500969,Cafe De Piccolo,Dehradun,382,4.3,"Cafe, Italian",India
18416632,The Great Indian Pub,Dehradun,308,4.4,"North Indian, Italian, Finger Food",India
3500010,Black Pepper Restaurant,Dehradun,421,4.1,"North Indian, Chinese, Continental",India
3600012,Empire Restaurant,Mysore,2028,4.2,"North Indian, Mughlai, South Indian, Chinese, Andhra",India
3600375,The Old House,Mysore,753,4.7,"Italian, Pizza",India
3600017,Gufha Restaurant,Mysore,955,4.3,"North Indian, Biryani, Chinese",India
3600065,Hotel RRR,Mysore,533,4.2,"Biryani, South Indian, Andhra",India
3600122,Kafe Biryani Corner,Mysore,382,4.3,Biryani,India
3601144,Kapoor's Cafe,Mysore,282,4.3,"North Indian, Desserts, Beverages",India
3600119,Big Chicken,Mysore,554,4.3,"North Indian, Chinese, Burger, Biryani, Arabian",India
3600593,Frosting,Mysore,374,4.5,"Italian, Continental, Burger",India
3600817,Etihad Arabian Restaurant,Mysore,314,4.1,"Arabian, Biryani",India
3600352,Barbeque Nation,Mysore,812,4.6,"North Indian, European, Mediterranean",India
3600389,Highway 18,Mysore,357,4.0,"South Indian, North Indian, Chinese, Desserts, Beverages",India
3600018,KFC,Mysore,483,3.9,"Burger, Fast Food",India
3600013,Green Leaf,Mysore,474,4.0,"North Indian, Chinese, South Indian, Bakery",India
3600192,Spring - Radisson Blu Plaza,Mysore,284,4.4,"Continental, North Indian, South Indian",India
3600015,Original Vinayaka Mylari,Mysore,814,4.8,South Indian,India
3600148,Andhra Ruchulu,Mysore,409,4.1,"Biryani, Desserts",India
3600265,Jalpaan Dining Saga,Mysore,437,4.3,"Italian, North Indian, Chinese",India
3600252,Hotel RRR Mysore,Mysore,528,4.1,Andhra,India
3600072,Nanking,Mysore,482,4.2,"Chinese, Momos, Thai",India
3600403,Hotel Hanumanthu,Mysore,449,4.2,"Biryani, South Indian",India
3700054,Cafe Xtasi,Puducherry,2617,3.9,"Italian, Pizza",India
3700051,Cafe des Arts,Puducherry,818,3.9,Cafe,India
3700050,Baker Street,Puducherry,1548,4.4,"Bakery, French",India
3700770,Escape In,Puducherry,725,4.1,"North Indian, Continental, Chinese, Arabian, BBQ, Beverages, Desserts, Ice Cream",India
3700021,The Indian Kaffe Express,Puducherry,877,4.2,"Cafe, North Indian",India
3701200,Les Saveurs,Puducherry,184,4.3,"French, European",India
18378803,#Dilliwaala6,Puducherry,975,4.3,"Street Food, Continental, North Indian, Chinese, Salad, Finger Food",India
3700049,Villa Shanti,Puducherry,1096,4.4,Continental,India
3700041,Zuka,Puducherry,1019,4.6,"Desserts, Bakery",India
3701130,PY Cafe,Puducherry,201,4.2,"Salad, Cafe, Sandwich, Italian, Juices, Desserts",India
3700572,Bread & Chocolate,Puducherry,378,4.7,"Bakery, Cafe, Healthy Food",India
3700649,Taka Pizza,Puducherry,888,4.3,"Italian, Pizza",India
3700069,Le Cafe,Puducherry,1436,3.3,Cafe,India
3700010,Auroville Bakery,Puducherry,431,4.2,Bakery,India
3700656,Margaritas,Puducherry,960,4.4,"Mexican, Continental, American, Desserts, Finger Food, Ice Cream, Juices, Salad",India
3700037,Le Dupleix,Puducherry,846,4.2,"North Indian, French, Continental",India
3700017,The Pasta Bar Veneto,Puducherry,623,4.0,"Healthy Food, Continental, Italian, Sandwich, Salad",India
3700723,SICILYS,Puducherry,312,4.0,"Italian, Cafe, Burger, Pizza, Beverages",India
3700047,Surguru,Puducherry,484,4.1,"South Indian, North Indian, Chinese",India
3700009,Tanto,Puducherry,879,4.2,"Pizza, Italian",India
3800420,Mahalakshmi,Surat,1229,4.6,"Fast Food, Juices",India
18744566,Burger King,Surat,563,4.0,"Burger, Fast Food",India
3800007,Barbeque Nation,Surat,622,4.7,"North Indian, European, Mediterranean",India
3800321,Coffee King,Surat,755,4.6,"Cafe, Pizza, Italian, Fast Food, Chinese, Beverages, Desserts",India
18589557,Vegji's,Surat,429,4.2,"Fast Food, Sandwich, Lebanese",India
19003551,Icekraft,Surat,59,4.3,"Ice Cream, Desserts, Fast Food",India
3800583,Kailash Sweets & Snacks,Surat,385,4.2,"Mithai, Street Food, Beverages",India
3800696,Kailash Sweet & Snacks,Surat,399,4.4,"Street Food, Mithai, Beverages",India
3800313,Bhai Bhai Omelette Center,Surat,594,4.6,Fast Food,India
18760674,Sarvottam Hotel,Surat,382,4.1,"North Indian, Chinese",India
18551944,Coffee King,Surat,989,4.7,"Cafe, Desserts, Fast Food",India
3800068,Jalaram Khichadi,Surat,261,4.1,"Gujarati, North Indian, Biryani, Beverages",India
3800390,Singh Saaab Di Rasoi,Surat,380,4.3,"North Indian, Chinese, Biryani, Desserts, Beverages",India
18349362,Harikrushna Restaurant,Surat,266,4.3,"Gujarati, North Indian, Biryani, Beverages",India
18778476,Bismillah,Surat,197,4.2,"Beverages, North Indian",India
18783529,Kailash Sweets & Snacks,Surat,275,4.3,"Mithai, Street Food, Beverages",India
3800537,Mahesh Pav Bhaji,Surat,424,3.9,"South Indian, Street Food, Chinese, Desserts, Beverages",India
3800017,Pizza Hut,Surat,598,4.0,"Pizza, Fast Food, Italian",India
3800293,Kailash Sweets & Snacks,Surat,343,4.3,"Mithai, Street Food, Beverages",India
3800690,Bismillah,Surat,366,4.4,"Beverages, North Indian",India
3900223,Sha Chicken Hut,Varanasi,804,4.4,"Lucknowi, Mughlai",India
18803653,KFC,Varanasi,462,4.5,"Burger, Fast Food",India
3900067,Taste King,Varanasi,601,4.3,"North Indian, Fast Food",India
18610032,Crood Square,Varanasi,249,4.3,"North Indian, Continental, Italian, Chinese, Desserts",India
3900057,Ming Garden,Varanasi,735,4.3,"Beverages, Desserts, Pizza, Chinese",India
3900045,Domino's Pizza,Varanasi,721,3.8,"Pizza, Fast Food",India
3900253,Sagar Ratna,Varanasi,211,3.9,South Indian,India
3900267,Roma's Café Diner,Varanasi,877,4.6,"Continental, Cafe, North Indian, Italian, Asian, Mediterranean, Mexican",India
18689916,The Yellow Chilli,Varanasi,108,4.4,"North Indian, Mughlai",India
3900245,Deena Chat Bhandar,Varanasi,446,4.6,Street Food,India
18652184,Doodh Booth,Varanasi,427,4.0,"Burger, Beverages, Fast Food, Cafe, Italian",India
3900135,Maharaja Restaurant,Varanasi,358,4.0,"Chinese, Rolls",India
18787962,Cafe de Coop,Varanasi,140,4.2,Fast Food,India
3900032,Kashi Chat Bhandar,Varanasi,735,4.8,Street Food,India
3900455,The Tripling Bistro,Varanasi,316,4.1,"Continental, Mexican, Burger, Fast Food, Italian, Pizza, Chinese, Middle Eastern",India
3900037,Pizza Hut,Varanasi,444,3.9,"Italian, Pizza",India
3900138,McDonald's,Varanasi,414,4.1,"Burger, Fast Food",India
3900266,Holy Chopsticks,Varanasi,445,4.5,"Chinese, Thai, Momos",India
18676368,Barbeque Nation,Varanasi,370,4.9,"North Indian, Chinese, BBQ",India
3900043,Domino's Pizza,Varanasi,452,3.9,"Pizza, Fast Food",India
4000412,Aasman,Patna,846,4.8,"North Indian, Continental, Chinese",India
18640853,Foresto Paradise,Patna,593,4.7,"North Indian, Chinese, Continental",India
4000320,Haldiram,Patna,833,4.5,"Fast Food, North Indian, South Indian, Chinese, Desserts",India
4000265,Harilal's,Patna,416,4.5,"North Indian, Fast Food, Mithai",India
18343124,Swaaddesh,Patna,703,4.4,"North Indian, Chinese, Beverages",India
4000274,KFC,Patna,698,4.3,"Burger, Fast Food",India
18746152,Hungry Hope,Patna,522,3.6,"North Indian, Chinese",India
4000009,Domino's Pizza,Patna,1216,4.0,"Pizza, Fast Food",India
4000289,The Biryani Mall,Patna,855,4.0,"Biryani, Mughlai, Chinese",India
18625991,Barbeque Nation,Patna,633,4.9,"North Indian, Chinese",India
4000018,Kapil Dev's Eleven,Patna,376,4.4,"North Indian, Chinese, Continental",India
4000016,Bansi Vihar Restaurant,Patna,444,4.4,"South Indian, Chinese",India
18573326,Biryani Mahal,Patna,752,4.1,"Biryani, Mughlai",India
18705092,Harilal's,Patna,557,4.2,"Mithai, Fast Food",India
18706220,Zaaffran,Patna,393,4.4,"North Indian, Fast Food",India
4000336,Pizza Hut,Patna,431,2.5,"Pizza, Italian",India
4000015,Nirvana,Patna,432,4.3,"North Indian, Chinese",India
4000053,Biryani House,Patna,734,4.0,"Biryani, Mughlai",India
18616231,Chaska The Addiction,Patna,528,3.9,"North Indian, Mughlai, Chinese, Biryani",India
4000049,Lakhu Da Dhaba,Patna,459,3.9,"North Indian, Chinese",India
18560275,Barbeque Nation,Dubai,1212,4.6,"Indian, BBQ, Continental",UAE
18534988,Masala Wok,Dubai,1100,4.3,"Indian, Chinese, Kebab",UAE
210139,Grub Shack,Dubai,1735,4.4,"Goan, Chinese, Indian, North Indian",UAE
201693,Dhaba Lane,Dubai,1233,4.4,"Indian, North Indian, Kebab",UAE
209723,Azkadenya,Dubai,660,4.3,"Arabian, Lebanese",UAE
18621395,Highway 311 Grills and Eatery,Dubai,458,4.5,"Mexican, Peruvian, Latin American",UAE
207770,Mint Leaf of London,Dubai,2092,4.9,"Indian, North Indian, Contemporary",UAE
209748,Kulcha King,Dubai,1157,4.1,"Indian, Biryani, Kebab, North Indian",UAE
205432,Old Castello Restaurant & Cafe,Dubai,525,4.4,"Indian, Arabian, Middle Eastern, Italian, Pizza",UAE
18549283,Sthan,Dubai,1591,4.2,"Biryani, North Indian, Pakistani, Mughlai, Afghan, Indian, Kebab",UAE
200376,California Pizza Kitchen,Dubai,1244,4.2,"Pizza, American",UAE
203518,The Huddle Sports Bar and Grill - Citymax Hotels Bur Dubai,Dubai,1492,4.9,"Steak, Continental, North Indian",UAE
18233284,Farzi Cafe,Dubai,2095,4.6,"Indian, Contemporary",UAE
18604803,Dillicious,Dubai,900,4.0,"Indian, Mughlai, North Indian, Kebab",UAE
18650045,Tamarind Terrace,Dubai,875,4.0,"Kerala, South Indian, Indian",UAE
18820043,Biryaniwalla & Co,Dubai,535,3.9,"Biryani, Hyderabadi, North Indian",UAE
210370,Texas De Brazil,Dubai,1301,4.8,Brazilian,UAE
18259525,Real Momos,Dubai,885,3.7,"Chinese, Asian, Street Food",UAE
209654,Rasoi Ghar,Dubai,2600,4.6,"Indian, Gujarati, Rajasthani",UAE
200377,California Pizza Kitchen,Dubai,1198,4.3,"Pizza, American",UAE
18485435,The Curry Culture,Singapore,80,4.9,"Continental, Indian, Asian",Singapore
18483420,Burnt Ends,Singapore,37,4.7,"American, European, Australian, Steak",Singapore
18482848,Singapore Zam Zam Restaurant,Singapore,75,4.7,"South Indian, Singaporean, Middle Eastern, Indian",Singapore
18496115,Komala Vilas Restaurant,Singapore,100,4.7,"Indian, North Indian, South Indian",Singapore
18482886,Corner House,Singapore,25,4.9,"Continental, French",Singapore
18484349,Cut By Wolfgang Puck,Singapore,52,4.9,"American, Steak",Singapore
18483222,Jaan,Singapore,30,4.7,French,Singapore
18484299,Melt Cafe,Singapore,31,4.8,"Singaporean, European, Seafood, Indian, Japanese, Continental",Singapore
18483051,Summer Pavilion,Singapore,28,4.8,"Chinese, Seafood, Cantonese, Dim Sum",Singapore
18483372,Sky On 57,Singapore,32,4.8,"Chinese, Continental, Singaporean",Singapore
18483595,Edge,Singapore,19,4.5,"Chinese, Thai, Japanese, Italian",Singapore
18485564,Wild Honey,Singapore,72,4.9,"European, Spanish, American, Cafe",Singapore
18485572,Carousel,Singapore,25,4.6,"Mediterranean, Asian, Japanese, Sushi, Seafood, French",Singapore
18483714,Fratini La Trattoria,Singapore,21,4.8,Italian,Singapore
18483374,My Awesome Cafe,Singapore,23,4.9,"Continental, European",Singapore
18483658,Basilico,Singapore,25,4.8,Italian,Singapore
18484464,Colony,Singapore,45,4.9,"Asian, Continental, Seafood, Bakery",Singapore
18483362,Adrift By David Myers,Singapore,20,4.6,"American, Asian, Continental, Fusion",Singapore
18493989,Makansutra Gluttons Bay,Singapore,41,4.7,"Singaporean, Chinese, Seafood, Malay, Indian",Singapore
18494038,Peach Blossoms,Singapore,13,4.0,"Singaporean, Chinese, Dim Sum, Healthy Food, Seafood, Cantonese",Singapore
5603572,Ushna,Sharjah,166,4.4,"Indian, North Indian",UAE
5601340,Aroos Damascus,Sharjah,1036,4.4,"Arabian, Middle Eastern",UAE
5600642,Katis Restaurant,Sharjah,644,4.1,"North Indian, Chinese, Hyderabadi",UAE
5604236,Malabar Regency,Sharjah,182,3.7,"Indian, Arabian, Middle Eastern",UAE
5602586,Saffron,Sharjah,732,4.1,"Pakistani, Chinese, Indian, Afghan",UAE
18386634,Momo House,Sharjah,877,4.6,"Chinese, Indian, Nepalese",UAE
5603322,Khanji,Sharjah,475,3.9,"Pakistani, Indian, Chinese",UAE
5603447,Eat Route,Sharjah,574,4.6,"Fast Food, Burger, American",UAE
5602215,Makani Restaurant,Sharjah,651,4.5,"Indian, North Indian, Mughlai",UAE
5600103,Najmat Lahore Restaurant,Sharjah,1158,4.1,"Pakistani, Indian, Mughlai, Desserts",UAE
5602106,Papa Murphy's Pizza,Sharjah,486,4.1,"Pizza, Italian",UAE
5601628,Laffah Cafeteria - كافتيريا لفاح,Sharjah,737,4.6,"Fast Food, Arabian, Middle Eastern",UAE
18268134,Zaroob,Sharjah,297,4.1,Lebanese,UAE
5600959,Nayaab Haandi,Sharjah,970,4.3,"Pakistani, Indian",UAE
5603697,Al Miqat,Sharjah,186,4.2,"Indian, Seafood, Pakistani, Grill",UAE
5601952,Delhi Nihari Restaurant,Sharjah,613,3.7,"Mughlai, Indian, Pakistani",UAE
5601723,The Pizza Company,Sharjah,727,4.4,Pizza,UAE
5600556,TGI Fridays,Sharjah,582,4.0,"American, Mexican",UAE
5601606,Shakespeare and Co. - شكسبير اند كو,Sharjah,378,4.6,"Cafe, Bakery",UAE
5604675,Molten Chocolate Cafe,Sharjah,116,4.9,Cafe,UAE
5701885,Max's Restaurant,Abu Dhabi,1625,4.9,Filipino,UAE
18403563,Texas de Brazil,Abu Dhabi,541,4.9,Brazilian,UAE
5702615,Via Delhi,Abu Dhabi,1148,4.3,"Indian, North Indian, Chinese",UAE
18340151,Famous Dave's Barbecue,Abu Dhabi,458,4.6,"Burger, American, Steak",UAE
5702148,Nando's,Abu Dhabi,684,4.2,"Portuguese, African",UAE
18431870,Parivar Restaurant,Abu Dhabi,601,4.1,"Indian, Pakistani",UAE
5702574,The Cheesecake Factory,Abu Dhabi,974,4.7,"American, Desserts, Salad",UAE
5701978,Pizza Di Rocco,Abu Dhabi,972,4.7,"Italian, Pizza",UAE
5702150,Papa Murphy's Pizza- World Trade Center Mall,Abu Dhabi,779,3.9,Pizza,UAE
5704255,Famous Dave's Barbecue,Abu Dhabi,798,4.6,"Burger, American, Steak",UAE
5700119,India Palace,Abu Dhabi,546,4.0,"North Indian, Mughlai, Biryani, Indian",UAE
5701025,India Palace,Abu Dhabi,481,4.4,"North Indian, Mughlai, Biryani, Indian",UAE
5704202,Hot Palayok,Abu Dhabi,829,4.5,Filipino,UAE
18493509,MYNT Indian Cuisine,Abu Dhabi,411,4.5,Indian,UAE
18212135,Denny's,Abu Dhabi,762,4.6,American,UAE
5701442,Peppermill,Abu Dhabi,633,4.3,"Indian, North Indian, Mughlai, Biryani",UAE
5702990,Jazz@PizzaExpress,Abu Dhabi,1374,4.8,"Italian, Pizza, Salad",UAE
18277098,Ming's Chamber,Abu Dhabi,657,4.8,Asian,UAE
5702486,Ghee Rice,Abu Dhabi,693,3.9,"Indian, Kerala, Biryani",UAE
18340175,The Yellow Chilli by Sanjeev Kapoor,Abu Dhabi,670,4.3,"Indian, North Indian",UAE
5800678,Harbour Court - The Kingsbury,Colombo,174,4.4,"Italian, Seafood, Desserts",Sri Lanka
5801085,Tea Avenue,Colombo,335,4.5,Cafe,Sri Lanka
5800240,The Gallery Cafe,Colombo,242,4.7,"Sri Lankan, Italian, Seafood, Desserts",Sri Lanka
5800710,The Manhattan Fish Market,Colombo,285,4.3,"Seafood, Italian",Sri Lanka
5800224,Sugar Bistro and Wine Bar,Colombo,172,4.4,"Cafe, American, Continental",Sri Lanka
5800746,T.G.I. Friday's,Colombo,233,4.3,"American, Steak",Sri Lanka
5800011,The Bavarian,Colombo,211,4.6,German,Sri Lanka
5800707,The Barnesbury,Colombo,291,4.2,"American, Italian, Cafe",Sri Lanka
5800646,Coco Veranda,Colombo,181,4.2,"American, Cafe",Sri Lanka
5800066,Java Lounge,Colombo,141,4.1,"Cafe, Italian, Fast Food",Sri Lanka
5800634,Elite Indian Restaurant,Colombo,315,2.6,"North Indian, Chinese, Sri Lankan",Sri Lanka
5800180,Cafe On The 5th,Colombo,224,4.0,Sri Lankan,Sri Lanka
5800947,The English Cake Company - The Cakery,Colombo,114,4.1,"Desserts, Bakery",Sri Lanka
5801131,Indian Summer,Colombo,187,4.3,"Indian, Chinese",Sri Lanka
5800590,The Commons,Colombo,303,4.2,"Cafe, Sri Lankan, Continental, American",Sri Lanka
5800536,The Mango Tree,Colombo,167,3.9,"North Indian, Mughlai",Sri Lanka
5800891,The Paddington,Colombo,136,3.8,"Cafe, Italian",Sri Lanka
5800289,The Coffee Bean & Tea Leaf,Colombo,161,4.2,Cafe,Sri Lanka
5800755,Upali's,Colombo,211,4.3,Sri Lankan,Sri Lanka
5800612,Burger's King,Colombo,237,4.0,Fast Food,Sri Lanka
18286221,Sarıhan,İstanbul,500,4.4,"Giblets, Izgara, Home-made",Turkey
5915530,Nusr-Et Steakhouse,İstanbul,1990,4.6,Steak,Turkey
18264711,Ercan Steakhouse,İstanbul,503,4.1,Steak,Turkey
5926083,Joker No:19,İstanbul,925,4.4,"Bar Food, Restaurant Cafe",Turkey
18453909,Asuman,İstanbul,861,4.6,Desserts,Turkey
18140481,Mendel's,İstanbul,1424,4.7,"Desserts, Cafe",Turkey
5916219,Biber Burger,İstanbul,1580,4.6,Burger,Turkey
5916870,Kukis,İstanbul,899,4.9,"Patisserie, Cafe, Turkish",Turkey
5902117,Valonia,İstanbul,1871,4.3,"Restaurant Cafe, Desserts",Turkey
5915409,Eleos Restaurant,İstanbul,1154,4.9,"Greek, Fresh Fish, Old Turkish Bars",Turkey
5906444,Tarihi Viktor Levi Şarap Evi,İstanbul,1177,4.6,World Cuisine,Turkey
5915054,Baltazar,İstanbul,2015,4.2,"Burger, Izgara",Turkey
5913508,Katibim,İstanbul,1141,4.2,"Restaurant Cafe, Kebab, Turkish Pizza",Turkey
18140482,BeerHall,İstanbul,1108,4.1,"Finger Food, American",Turkey
18384475,Happy Moon's,İstanbul,503,4.4,World Cuisine,Turkey
5908749,Ceviz Ağacı,İstanbul,1693,4.3,"World Cuisine, Patisserie, Cafe",Turkey
5906931,My Chef,İstanbul,1252,4.4,"World Cuisine, Cafe",Turkey
5904851,Limonlu Bahçe,İstanbul,1645,4.5,Restaurant Cafe,Turkey
18089353,Mükellef,İstanbul,946,4.4,"Old Turkish Bars, Turkish",Turkey
5923535,Boon Cafe & Restaurant,İstanbul,1160,4.2,Restaurant Cafe,Turkey
6000482,Mersinli Ciğerci Apo,Ankara,360,4.5,"Izgara, Giblets, Kebab",Turkey
6001317,Cafe Des Cafes,Ankara,237,4.7,"Cafe, World Cuisine",Turkey
6005865,The Italian Cut Pizza & Kitchen,Ankara,261,4.6,Pizza,Turkey
6000447,Masabaşı Kebapçısı,Ankara,360,4.6,"Kebab, Turkish Pizza",Turkey
6000168,Hattena Hatay  Sofrası,Ankara,343,4.8,Kebab,Turkey
6002297,Trilye,Ankara,186,4.9,"Fresh Fish, Seafood",Turkey
6000871,Çukurağa Sofrası,Ankara,450,4.5,"Kebab, Izgara",Turkey
6003858,Quick China,Ankara,107,4.5,"Chinese, Thai, Sushi, Japanese, Asian",Turkey
6004408,Turta Home Cafe,Ankara,256,4.4,"Cafe, Desserts",Turkey
6000185,La Gioia Cafe Brasserie,Ankara,154,4.7,"Italian, European",Turkey
6001980,Timboo Cafe,Ankara,234,4.3,Cafe,Turkey
6001545,Cafe Botanica,Ankara,227,4.5,"Restaurant Cafe, Cafe",Turkey
6000409,Cafemiz,Ankara,199,4.5,"World Cuisine, Mexican, Italian",Turkey
6002025,Masabaşı,Ankara,248,4.4,"Kebab, Turkish Pizza",Turkey
6001748,Meşhur Özçelik Aspava,Ankara,222,4.7,"Kebab, Turkish Pizza",Turkey
6005539,Zaytung Zone,Ankara,151,3.9,Restaurant Cafe,Turkey
6000019,Nusr-Et Steakhouse,Ankara,229,4.4,Steak,Turkey
6000921,Düveroğlu,Ankara,242,4.3,"Kebab, Desserts, Turkish Pizza",Turkey
6007004,Müslüm Kebap,Ankara,178,4.6,Kebab,Turkey
6000549,Meşhur Tavacı Recep Usta,Ankara,299,4.6,Kebab,Turkey
6114829,Duck & Waffle,London,834,4.9,British,United Kingdom
6107336,Sushi Samba,London,484,4.9,"Japanese, Sushi, Brazilian, Peruvian",United Kingdom
6113857,sketch Gallery,London,211,4.8,"British, Contemporary",United Kingdom
6104220,Roti Chai,London,365,4.7,"Indian, Street Food",United Kingdom
6103211,Dishoom,London,1023,4.9,"Indian, North Indian, Curry, Cafe",United Kingdom
6104649,Honest Burgers,London,368,4.6,Burger,United Kingdom
6100054,Masala Zone,London,313,4.5,"Indian, Curry",United Kingdom
6104639,Bob Bob Ricard,London,387,4.8,"British, Russian",United Kingdom
6107493,Tayyabs,London,759,4.5,"North Indian, Indian, Pakistani, Curry",United Kingdom
6117859,Shake Shack,London,541,4.2,"American, Burger",United Kingdom
6113835,Dinner By Heston Blumenthal - Mandarin Oriental Hyde Park,London,595,4.9,British,United Kingdom
6105938,Patty & Bun,London,496,4.8,"Burger, British",United Kingdom
6102622,Burger & Lobster,London,450,4.8,"American, Seafood, Burger",United Kingdom
6116783,Aqua Shard,London,238,4.4,British,United Kingdom
6102866,Hakkasan,London,425,4.9,"Chinese, Dim Sum",United Kingdom
6112889,MEATliquor,London,614,4.6,"American, Burger",United Kingdom
6116563,Chotto Matte,London,361,4.9,"Japanese, Peruvian, Sushi",United Kingdom
6103922,Dishoom,London,336,4.7,"Indian, Cafe, Curry",United Kingdom
6100354,Busaba Eathai,London,499,4.6,"Thai, Curry",United Kingdom
6103902,Yauatcha,London,805,4.8,"Chinese, Dim Sum",United Kingdom
18455788,Zaitoon Restaurant & Grills,Doha,925,4.4,"Indian, Chinese, Arabian, Fast Food, Kebab, Middle Eastern",Qatar
6202987,Max's Restaurant,Doha,452,4.8,Filipino,Qatar
18397873,Hasan Kolcuoğlu,Doha,1156,4.8,Turkish,Qatar
18425886,Hasan Kolcuoğlu,Doha,591,4.4,Turkish,Qatar
18318801,Roti & Boti,Doha,1361,4.1,Indian,Qatar
18187643,Max's Restaurant,Doha,450,4.9,Filipino,Qatar
18722599,Kairali Al Tanoor,Doha,319,4.2,"North Indian, Kerala, Chinese, Mangalorean, Continental, Indian, Seafood, South Indian",Qatar
18107765,Zaffran Dining Experience,Doha,685,4.5,Indian,Qatar
6200733,Carluccio's - كارلوتشيوز,Doha,424,4.2,Italian,Qatar
18439782,Carluccio's - كارلوتشيوز,Doha,381,4.7,Italian,Qatar
6201346,Zaffran Café,Doha,487,4.4,"Indian, Street Food, Desserts",Qatar
6201334,Chi'Zen - تشي زين,Doha,345,4.5,"Chinese, Asian",Qatar
6200166,Wok of Fame,Doha,978,4.5,"Arabian, Asian, Continental",Qatar
6201309,MRA Bakery Sweets & Restaurant,Doha,631,4.0,"Kerala, Indian, Chinese, Bakery, South Indian, North Indian, Desserts",Qatar
6200383,Applebee's - ابل بيز,Doha,424,4.3,"American, Tex-Mex, Burger",Qatar
6200110,Aalishan,Doha,464,4.0,"North Indian, Chinese, Turkish",Qatar
18626843,Desi Dhaba Restaurant ,Doha,561,4.2,"North Indian, Chinese",Qatar
6201323,Yee Hwa,Doha,479,4.6,"Korean, Japanese, Sushi",Qatar
6200412,Turkey Central Restaurant - مطعم تركيا المركزي,Doha,743,4.5,Turkish,Qatar
6201976,Indian Coffee House,Doha,608,3.8,Indian,Qatar
18451647,Soru Izakaya,Quezon City,878,4.6,Japanese,Phillipines
18245912,Sunnies Cafe,Taguig City,546,4.2,Coffee,Phillipines
6310488,Saboten,Taguig City,637,4.8,"Japanese, Asian",Phillipines
18506282,Sibyullee,Pasig City,645,4.7,Korean,Phillipines
18684182,Soru Izakaya,Taguig City,544,4.5,Japanese,Phillipines
18641526,PizzaExpress,Taguig City,268,4.8,"Pizza, Italian",Phillipines
6318945,Nikkei,Makati City,394,4.6,"Japanese, Latin American",Phillipines
6316125,Mendokoro Ramenba,Makati City,1832,4.9,"Japanese, Ramen",Phillipines
6313941,Chelsea Kitchen,Mandaluyong City,598,4.1,"European, Desserts",Phillipines
18695427,Mendokoro Ramenba,Taguig City,490,4.9,"Japanese, Ramen",Phillipines
18278135,Sunnies Cafe,Mandaluyong City,326,3.9,Coffee,Phillipines
18594729,Nikkei,Mandaluyong City,312,4.8,"Japanese, Latin American",Phillipines
6304287,Izakaya Kikufuji,Makati City,1293,4.6,Japanese,Phillipines
18409457,Soban K-Town Grill,Makati City,935,4.7,"Korean, Grill",Phillipines
6318506,Ooma,Mandaluyong City,1167,4.9,"Japanese, Sushi",Phillipines
18376891,Single Origin,Makati City,273,4.4,"Coffee, American, European",Phillipines
6314147,Va Bene Pasta Deli,Taguig City,352,4.5,"European, Italian",Phillipines
6316532,Mama Lou's Italian Kitchen,Quezon City,631,4.5,Italian,Phillipines
6300010,Spiral - Sofitel Philippine Plaza Manila,Pasay City,1228,4.9,"European, Asian, Indian",Phillipines
18643656,Nomi - Modern Japanese Cafe,Taguig City,287,4.3,"Coffee, Japanese",Phillipines
6403544,Jarryds,Cape Town,535,4.8,"Cafe, Burger",South Africa
6400918,Cape to Cuba,Cape Town,215,3.7,Cuban,South Africa
6400217,Willoughby & Co.,Cape Town,633,4.6,"Seafood, Japanese, Sushi",South Africa
6401789,tashas,Cape Town,476,4.3,"Cafe, Mediterranean",South Africa
6403030,La Colombe,Cape Town,175,4.9,"French, Asian",South Africa
6400304,Eastern Food Bazaar,Cape Town,436,4.0,"Asian, Indian",South Africa
6401054,Kloof Street House,Cape Town,519,4.7,Mediterranean,South Africa
6400078,Nuri Sushi Factory,Cape Town,472,4.2,"Japanese, Sushi",South Africa
6402904,The Larder,Cape Town,180,4.2,"Cafe, Deli, Bakery, Burger, Desserts, Healthy Food, Juices",South Africa
6402177,Salushi,Cape Town,314,4.2,"Japanese, Sushi, Asian",South Africa
18337822,Burger & Lobster,Cape Town,281,4.5,"Seafood, Burger",South Africa
6400191,Beluga,Cape Town,705,4.1,"Seafood, Asian, Grill, Sushi",South Africa
6400392,The Cousins Trattoria,Cape Town,204,4.7,Italian,South Africa
6400175,The Fat Cactus,Cape Town,434,4.2,"Mexican, Finger Food, Tex-Mex",South Africa
6400097,Balducci,Cape Town,266,4.0,"Italian, Sushi, Pizza",South Africa
18337855,Three Wise Monkeys,Cape Town,134,4.1,"Japanese, Asian",South Africa
6400176,Sevruga,Cape Town,560,4.2,"Seafood, Grill, Japanese, Asian, Sushi",South Africa
6401314,The Potluck Club,Cape Town,428,4.9,"European, Contemporary",South Africa
6400212,Meloncino,Cape Town,185,3.9,"Italian, Pizza",South Africa
6401060,Jason Bakery,Cape Town,347,4.4,"Cafe, Bakery",South Africa
6502134,The Whippet,Randburg,822,4.6,Cafe,South Africa
18767581,Saint,Sandton,173,3.9,Italian,South Africa
6517396,Momo Baohaus,Johannesburg,542,4.6,"Asian, Sushi, Tapas",South Africa
18204217,Gemelli Cucina Bar,Sandton,993,4.9,"Contemporary, Italian",South Africa
6517568,Jamie's Italian,Sandton,711,4.2,Italian,South Africa
6502688,Craft,Johannesburg,1462,4.2,"European, Pizza",South Africa
6517281,Pablo Eggs-Go-Bar,Johannesburg,412,4.5,"Cafe, Contemporary, Beverages, Burger, Desserts, Juices, Grill, African",South Africa
6516831,The Big Mouth,Sandton,731,4.6,"Grill, Steak, Burger, Sushi, Tapas",South Africa
6517298,Kream,Midrand,363,4.6,"South African, Contemporary, Sushi, International, African, French",South Africa
6501030,The Foundry,Johannesburg,852,4.4,"Contemporary, Burger, Pizza",South Africa
6515339,Cafe Del Sol Botanico,Sandton,656,4.7,"Italian, Pizza, Beverages, Desserts, Grill, Seafood",South Africa
6500789,The Green Peppercorn,Sandton,735,4.4,"African, Mediterranean, Contemporary",South Africa
6515130,Hudsons,Johannesburg,1098,4.2,"Burger, Finger Food, Pizza",South Africa
6501265,Dukes Burgers,Johannesburg,952,4.5,Burger,South Africa
6502130,Coobs,Johannesburg,550,4.4,"Cafe, European, Continental",South Africa
6501365,Wombles,Sandton,648,4.8,"Steak, Beverages, Desserts, Grill, Seafood",South Africa
6502041,KCC La Vie En Rose,Johannesburg,681,4.3,"Contemporary, Cafe",South Africa
6500359,JB's Corner,Sandton,557,4.1,"Italian, American, Sushi, Pizza",South Africa
6501169,Walnut Grove,Sandton,617,4.2,"Cafe, Continental",South Africa
6501055,DW Eleven-13,Sandton,635,4.9,European,South Africa
6600440,Nau,Brasília,9,3.9,Seafood,Brazil
6601218,New Koto,Brasília,9,4.1,Japanese,Brazil
6601862,Taypá,Brasília,11,4.0,"Peruvian, Latin American",Brazil
6601589,Coco Bambu,Brasília,19,4.3,International,Brazil
6601457,Brazilian American Burgers,Brasília,11,3.9,"American, Burger",Brazil
6600214,Beirute,Brasília,9,3.8,Arabian,Brazil
6601549,It Speed Lunch,Brasília,8,3.7,"Grill, Brazilian",Brazil
6601602,Taco Pep,Brasília,31,4.5,"Mexican, Grill",Brazil
6600754,Carcassone,Brasília,3,0.0,Bar Food,Brazil
6600083,Villa Tevere,Brasília,14,4.2,Italian,Brazil
6600611,Fred,Brasília,6,3.7,German,Brazil
6601595,Outback Steakhouse,Brasília,12,4.3,"American, Grill",Brazil
6600542,Avenida Paulista,Brasília,0,0.0,"Italian, Pizza",Brazil
6601145,Bierfass Pontão,Brasília,11,3.7,"Brazilian, Seafood",Brazil
6600879,Babel,Brasília,5,2.8,Healthy Food,Brazil
6600379,Sushi Loko,Brasília,12,2.9,Japanese,Brazil
6601158,Manzuá,Brasília,7,3.4,Seafood,Brazil
6600963,La Chaumière,Brasília,4,3.3,French,Brazil
6601005,Café Daniel Briand,Brasília,12,3.9,Cafe,Brazil
6600116,Gero,Brasília,9,3.5,Italian,Brazil
6703405,Porque Sim,São Paulo,20,4.3,"Japanese, Sushi",Brazil
6709740,Mocotó,São Paulo,30,4.8,"Brazilian, North Eastern",Brazil
6700992,La Tambouille,São Paulo,5,4.0,"French, Italian, Brazilian",Brazil
6712911,Coco Bambú,São Paulo,39,4.4,Seafood,Brazil
6701071,Z Deli Sandwich Shop,São Paulo,35,4.9,"Burger, Sandwich",Brazil
6711666,Kinoshita,São Paulo,11,4.2,Sushi,Brazil
6712917,Coco Bambú,São Paulo,24,4.0,Seafood,Brazil
6709580,Esquina Mocotó,São Paulo,21,4.5,"Brazilian, North Eastern",Brazil
6713772,Sainte Marie Gastronomia,São Paulo,15,4.3,"Lebanese, Arabian",Brazil
6715930,Tanit,São Paulo,5,3.4,"Spanish, Tapas",Brazil
6701853,Vicolo Nostro,São Paulo,6,3.8,Italian,Brazil
6715715,A Casa do Porco,São Paulo,17,4.3,Bar Food,Brazil
6700410,Tatini,São Paulo,3,3.7,Italian,Brazil
6702013,Jam,São Paulo,11,4.1,"Sushi, Japanese",Brazil
6702374,Fasano - Hotel Fasano,São Paulo,12,4.2,International,Brazil
6712927,D.O.M.,São Paulo,23,4.8,"Contemporary, Brazilian",Brazil
6715789,Djapa,São Paulo,6,3.6,"Japanese, Sushi",Brazil
6701049,Bistrot de Paris,São Paulo,8,4.0,French,Brazil
6715851,Fleming’s Prime Steakhouse & Wine Bar,São Paulo,5,3.8,Steak,Brazil
6713209,Agello Cucina,São Paulo,2,3.4,Italian,Brazil
6801374,Solita,Manchester,138,4.9,"American, Burger, Grill",United Kingdom
6800878,The Alchemist,Manchester,34,4.0,"European, Contemporary",United Kingdom
17855562,Tattu Restaurant and Bar,Manchester,19,3.5,Chinese,United Kingdom
6801293,Hard Rock Cafe,Manchester,64,4.3,American,United Kingdom
6801900,Evuna Bar & Restaurant,Manchester,6,3.4,"Spanish, Tapas",United Kingdom
6800908,Mughli,Manchester,84,4.6,"Indian, Curry",United Kingdom
18253075,Yard & Coop,Manchester,10,3.4,"American, British",United Kingdom
6800678,Lahore,Manchester,46,3.9,"Indian, Grill",United Kingdom
6801329,Home Sweet Home,Manchester,80,4.3,"British, Burger, Cafe",United Kingdom
6801386,Cafe North,Manchester,11,3.7,Cafe,United Kingdom
6800759,The Grill on New York Street,Manchester,28,3.8,"British, Mexican, Seafood",United Kingdom
6801039,San Carlo,Manchester,187,4.4,Italian,United Kingdom
6800235,The Grill On The Alley,Manchester,171,4.6,"Steak, Seafood, Grill",United Kingdom
6800593,Zouk Tea Bar & Grill,Manchester,69,3.8,"Indian, Seafood",United Kingdom
6801827,Umezushi,Manchester,26,4.1,Japanese,United Kingdom
6800782,The French by Simon Rogan - The Midland,Manchester,69,4.5,French,United Kingdom
6801867,Manchester House,Manchester,45,4.2,British,United Kingdom
6801984,Ibérica,Manchester,17,3.9,"Spanish, Tapas",United Kingdom
17855602,Turtle Bay,Manchester,8,3.5,Caribbean,United Kingdom
6801884,Pieminister,Manchester,14,3.7,Bakery,United Kingdom
6901318,Adam's Restaurant,Birmingham,74,4.3,Continental,United Kingdom
6900674,Purnell's,Birmingham,70,4.6,Contemporary,United Kingdom
6900050,Jamie's Italian,Birmingham,35,4.0,Italian,United Kingdom
6900669,Fiesta del Asado,Birmingham,26,4.1,"Latin American, Italian",United Kingdom
6900078,Jimmy Spices,Birmingham,53,4.1,"Indian, Middle Eastern, Chinese, American, European",United Kingdom
6900224,Chaophraya,Birmingham,19,4.0,Thai,United Kingdom
6900883,Ju Ju's Cafe,Birmingham,12,3.8,"Cafe, British",United Kingdom
6900374,Bank,Birmingham,52,4.1,"British, Steak",United Kingdom
6901062,The Warehouse Cafe,Birmingham,10,3.9,"British, Cafe",United Kingdom
6900724,Bodega,Birmingham,34,4.8,Latin American,United Kingdom
6900388,Lasan Restaurant,Birmingham,67,4.3,Indian,United Kingdom
18273002,Damascena Coffee House,Birmingham,7,3.8,"Greek, Mediterranean, Middle Eastern",United Kingdom
6901051,The Plough,Birmingham,32,4.3,British,United Kingdom
6900227,Wagamama,Birmingham,56,4.6,Japanese,United Kingdom
6900288,Fargo's Food Factory,Birmingham,11,3.8,"Burger, Steak, Indian, Pizza, Desserts, Chinese",United Kingdom
6900160,Handmade Burger Co.,Birmingham,20,3.9,"Burger, American",United Kingdom
6900843,Chennai Dosa,Birmingham,40,3.8,"Indian, South Indian",United Kingdom
6900692,Simpsons Restaurants,Birmingham,58,4.5,British,United Kingdom
6900106,Pushkar,Birmingham,37,4.4,Indian,United Kingdom
6900339,Asha's,Birmingham,48,4.2,Indian,United Kingdom
18749437,Belly Worship,Auckland,444,4.3,"Asian, Chinese, Asian Fusion, Street Food",New Zealand
7009344,Major Sprout,Auckland,561,4.5,Cafe Food,New Zealand
7006421,PappaRich,Auckland,801,4.2,Malaysian,New Zealand
7003621,Circus Circus,Auckland,765,4.2,"Cafe Food, European",New Zealand
7001859,KK Malaysian Cuisine,Auckland,529,4.2,Malaysian,New Zealand
18393092,Amano Restaurant,Auckland,598,4.9,Italian,New Zealand
18667488,Wu and You,Auckland,262,4.2,"Asian, Asian Fusion",New Zealand
18491782,Oak Eatery,Auckland,225,4.7,"Desserts, Healthy Food, Cafe Food",New Zealand
7003804,Fact-Tree Cafe,Auckland,405,4.4,"Cafe Food, Coffee and Tea, Desserts, Healthy Food, Kiwi",New Zealand
7000992,Eden Noodles Cafe 四川担担面,Auckland,718,4.5,Chinese,New Zealand
7003663,Federal Delicatessen,Auckland,1130,4.7,American,New Zealand
7006945,Fokker Bros,Auckland,207,4.1,"American, Burger",New Zealand
7003018,Paradise,Auckland,1287,4.4,Indian,New Zealand
7004225,Thai Street,Auckland,325,4.0,Thai,New Zealand
7003660,Miss Clawdy,Auckland,571,4.2,"Creole, American",New Zealand
7000700,Pocha 포차,Auckland,512,4.5,"Korean, Fried Chicken",New Zealand
7004412,The Shelf,Auckland,666,4.4,"Cafe Food, Coffee and Tea, Desserts",New Zealand
7001670,"Eight - Cordis, Auckland Hotel",Auckland,755,4.7,"European, Seafood, Grill",New Zealand
18672367,Chamate,Auckland,309,4.2,"Asian, Chinese, Seafood, Yum Cha, Dumplings, Hot Pot, BBQ",New Zealand
7003002,Chikos Restaurant & Cafe,Auckland,354,4.7,"Kiwi, Asian, Pacific, Filipino, Japanese",New Zealand
7100502,Fidel's,Wellington City,346,4.6,"European, Mexican, Cafe Food",New Zealand
7100693,Sweet Mother's Kitchen,Wellington City,378,4.2,"Mexican, American",New Zealand
7101042,The Hangar,Wellington City,269,4.8,Cafe Food,New Zealand
7100142,Origami,Wellington City,136,4.3,"Japanese, Sushi",New Zealand
7100171,Ombra,Wellington City,230,4.9,Italian,New Zealand
7101145,Mama Brown,Wellington City,233,4.1,"Mexican, American, Cafe Food",New Zealand
7101967,PappaRich,Wellington City,145,4.3,Malaysian,New Zealand
7100788,The Crab Shack,Wellington City,301,4.3,"Seafood, Kiwi",New Zealand
7100538,Scopa Caffe Cucina,Wellington City,200,4.5,"Italian, Pizza",New Zealand
7101081,Charley Noble Eatery & Bar,Wellington City,190,4.7,European,New Zealand
7100546,KC Cafe & Takeaway,Wellington City,153,4.2,"Chinese, Asian",New Zealand
7100064,Chow,Wellington City,311,4.5,Asian,New Zealand
7101310,Loretta,Wellington City,158,4.5,"European, Cafe Food",New Zealand
7100798,Dragons,Wellington City,150,4.2,Chinese,New Zealand
7100535,Midnight Espresso,Wellington City,213,4.4,Cafe Food,New Zealand
7101011,Ekim Burgers,Wellington City,247,4.4,Fast Food,New Zealand
7100224,Ortega Fish Shack & Bar,Wellington City,141,4.9,Seafood,New Zealand
7101483,Burger Liquor,Wellington City,185,4.4,American,New Zealand
7100178,Monsoon Poon,Wellington City,205,4.3,Asian,New Zealand
7100865,Shed 5,Wellington City,139,4.5,"European, Pacific",New Zealand
7210754,The Golconda Bowl,Dummy,0,0.0,"North Indian, Mughlai",
7204069,California Cantina,Dummy,0,0.0,"Burger, Fast Food, Mexican, American, Pizza",
7200516,Bardelli's,Dummy,0,0.0,South Indian,
18133267,Baton Rouge,Dummy,0,0.0,Steak,
7204711,Dunkin Donuts,Dummy,0,0.0,"Fast Food, Desserts",
7204029,L'Opera,Dummy,0,0.0,Bakery,
5,Yoko Sizzlers,Dummy,0,0.0,Japanese,
7200182,Kauai,Dummy,0,0.0,Healthy Food,
7204328,Mcdonalds,Dummy,0,0.0,"Italian, North Indian",
3,Cafe Mangii,Dummy,0,0.0,"Italian, European, Bakery",
2,PHD,Dummy,0,0.0,"Fast Food, Biryani",
10,Hotel Sai Palace Garden,Dummy,0,0.0,"North Indian, Chinese, South Indian",
7204068,La Pescadería de Walker,Dummy,0,0.0,Seafood,
7204327,Lane Cuisine Turc - Zorlu Alışveriş Merkezi,Dummy,0,0.0,Turkish,
7204032,4700 BC Popcorn,Dummy,0,0.0,Desserts,
7206255,Indian Zaik,Dummy,0,0.0,"Fast Food, Indian",
7209209,Arabic Nights,Dummy,0,0.0,"Turkish, Mediterranean",
15557859,Domino's Pizza,Dummy,0,0.0,"Pizza, Fast Food",
15561694,Geometrico,Dummy,0,0.0,Others,
15561685,El Patio,Dummy,0,0.0,Healthy Food,
7302200,Mamma Jamma,Rio de Janeiro,12,4.5,Pizza,Brazil
7303710,Paris 6,Rio de Janeiro,28,4.4,French,Brazil
7302898,Aprazível,Rio de Janeiro,63,4.9,Brazilian,Brazil
7304801,Camarada Camarão,Rio de Janeiro,5,4.1,"Brazilian, North Eastern, Seafood",Brazil
7301965,Pérgula - Copacabana Palace,Rio de Janeiro,3,4.2,International,Brazil
7304307,Confeitaria Colombo,Rio de Janeiro,40,4.6,"Desserts, Cafe",Brazil
7300515,Garota de Ipanema,Rio de Janeiro,58,4.8,"Brazilian, Bar Food",Brazil
7300679,Zuka,Rio de Janeiro,21,4.5,"Italian, Contemporary",Brazil
7302026,La Trattoria,Rio de Janeiro,11,4.5,Italian,Brazil
7300381,Churrascaria Palace,Rio de Janeiro,20,4.9,Steak,Brazil
7301497,Marius Degustare,Rio de Janeiro,16,4.7,"Seafood, International, Grill",Brazil
7301112,Giuseppe Grill Mar,Rio de Janeiro,11,4.5,"Brazilian, Grill, Seafood",Brazil
7300483,Zazá Bistrô Tropical,Rio de Janeiro,26,4.7,Brazilian,Brazil
7300650,Quadrucci,Rio de Janeiro,11,4.5,"Italian, Contemporary",Brazil
7301102,Oro,Rio de Janeiro,3,4.3,Brazilian,Brazil
7302987,Téreze - Hotel Santa Teresa,Rio de Janeiro,7,4.3,International,Brazil
7303219,Pesqueiro Eco Gourmet,Rio de Janeiro,5,4.2,"Seafood, Bar Food, Brazilian",Brazil
7301082,Olympe,Rio de Janeiro,3,4.2,French,Brazil
7302549,Café do Alto,Rio de Janeiro,5,4.3,"Brazilian, Cafe",Brazil
7304351,CT Boucherie,Rio de Janeiro,14,4.5,"French, Steak",Brazil
18615392,WAKI Japanese BBQ Dining,Jakarta,1242,4.9,"Japanese, Grill, BBQ, Korean, Asian",Indonesia
18657719,Gyu - Kaku Japanese BBQ,Jakarta,1013,4.8,"Japanese, BBQ",Indonesia
18744154,Sushi Hiro,Jakarta,1492,4.9,"Sushi, Japanese",Indonesia
18567253,Sushi Hiro,Jakarta,4416,4.9,"Sushi, Japanese",Indonesia
18885812,Sushi Go!,Jakarta,1308,4.9,"Japanese, Sushi",Indonesia
18511433,Sushi Go!,Jakarta,1864,4.7,"Japanese, Sushi",Indonesia
18710176,The Garden,Jakarta,1025,4.6,"Western, Asian",Indonesia
18554965,Magal Mapogalmegi BBQ,Jakarta,1219,4.9,"BBQ, Korean, Grill",Indonesia
18597282,Sushi Go!,Jakarta,2704,4.8,"Sushi, Japanese",Indonesia
18589077,Sushi Hiro,Jakarta,1957,4.8,"Sushi, Japanese",Indonesia
18981544,Katsu YA,Jakarta,294,4.2,Japanese,Indonesia
18680113,The Cutt Grill House,Jakarta,675,4.8,"Grill, Western",Indonesia
18464311,Sushi Hiro,Jakarta,2373,4.9,"Sushi, Japanese",Indonesia
18806670,Sushi Go!,Jakarta,730,4.7,Sushi,Indonesia
18793437,Gyu - Kaku Japanese BBQ,Jakarta,1014,4.9,"Japanese, BBQ",Indonesia
18560991,Lawless Burgerbar,Jakarta,979,4.7,"Burger, Western",Indonesia
18745318,Alfred,Jakarta,423,4.4,"Western, Indonesian",Indonesia
18266425,Gyu - Kaku Japanese BBQ,Jakarta,1351,4.9,"Japanese, BBQ",Indonesia
18880385,Gyu - Kaku Japanese BBQ,Jakarta,682,4.9,"Japanese, BBQ",Indonesia
7421967,3 Wise Monkeys,Jakarta,1652,4.5,"Japanese, Sushi",Indonesia
75970,afro-boer,Pretoria,128,4.2,"Cafe, Bakery, Street Food, Patisserie, South African, Healthy Food, Desserts",South Africa
75609,Capital Craft Beer Academy,Pretoria,402,4.5,"Street Food, Burger, American, Finger Food, German",South Africa
75027,Kream,Pretoria,530,4.8,African,South Africa
18289339,Culture Club - Bar De Tapas,Pretoria,260,4.7,"Cafe, Tapas, South African, Beverages, Healthy Food, Desserts, Spanish",South Africa
75380,The Black Bamboo,Pretoria,178,4.7,"Continental, Contemporary, Desserts",South Africa
75858,Crawdaddy's,Pretoria,225,4.4,"Continental, Seafood, Burger, South African, Finger Food, Grill",South Africa
75376,Tribeca Standard,Pretoria,231,3.9,"Cafe, Burger, Pizza",South Africa
18408129,Industrial Coffee Works,Pretoria,110,4.1,"Cafe, Street Food, Burger, Ethiopian, South African, Juices",South Africa
75026,Baobab Cafe & Grill,Pretoria,304,4.2,"Cafe, Grill",South Africa
75485,Doppio Zero,Pretoria,170,3.9,"Italian, Cafe, Bakery",South Africa
18199742,El Pistolero,Pretoria,182,4.4,Mexican,South Africa
18445965,Guy Fieri's Kitchen & Bar,Pretoria,183,2.2,"American, Italian, Continental",South Africa
75121,Moo Moo,Pretoria,331,4.2,"Steak, Continental",South Africa
75104,Parrot's,Pretoria,183,3.7,"Contemporary, Sushi, Grill, Italian, Steak",South Africa
18376958,Mustang Sally's Pub & Diner,Pretoria,122,3.8,"Healthy Food, Burger, American, Desserts, Grill",South Africa
18136493,Hogshead,Pretoria,297,4.2,"Grill, Burger",South Africa
18445936,Something's Cooking by J,Pretoria,145,3.6,"South African, Portuguese, Burger, Pizza",South Africa
18199767,Carbon Bistro,Pretoria,167,4.5,"Seafood, Burger, Steak",South Africa
18376953,tashas,Pretoria,109,4.2,"Cafe, Healthy Food",South Africa
75620,Whisk Wine Bar,Pretoria,135,4.1,"European, Tapas",South Africa
7601024,Ting Thai Caravan,Edinburgh,110,4.6,"Thai, Asian",United Kingdom
7600188,Mother India's Cafe,Edinburgh,137,4.5,Indian,United Kingdom
7601102,Chaophraya,Edinburgh,57,4.4,Thai,United Kingdom
7600471,The Elephant House,Edinburgh,90,4.1,Cafe,United Kingdom
18408677,Dishoom Edinburgh,Edinburgh,64,4.5,"Cafe, Indian",United Kingdom
7600929,David Bann,Edinburgh,76,4.5,"Asian, Italian, Mediterranean, European",United Kingdom
7602204,El Cartel,Edinburgh,34,4.1,Mexican,United Kingdom
7600432,The Royal McGregor,Edinburgh,17,3.5,Scottish,United Kingdom
7600217,La Favorita,Edinburgh,110,4.6,Italian,United Kingdom
7600062,Hard Rock Cafe,Edinburgh,89,4.3,American,United Kingdom
7600307,Angels With Bagpipes,Edinburgh,44,4.0,Scottish,United Kingdom
7600448,Cafe Andaluz,Edinburgh,95,4.4,"Spanish, Tapas",United Kingdom
7600902,Mimi's Bakehouse,Edinburgh,76,4.6,"Cafe, Bakery, Desserts",United Kingdom
7600792,Wedgwood,Edinburgh,65,4.2,"Scottish, British",United Kingdom
7601241,The Kitchin,Edinburgh,143,4.5,"British, French",United Kingdom
7600083,Castle Terrace,Edinburgh,57,4.4,"British, Scottish, French",United Kingdom
7600381,Fishers In The City,Edinburgh,73,4.3,"Seafood, British",United Kingdom
7601177,Tuk Tuk Indian Street Food,Edinburgh,75,4.1,"Indian, Street Food",United Kingdom
7600914,The Witchery & The Secret Garden,Edinburgh,112,4.2,"British, Scottish, Seafood",United Kingdom
7600636,Number One - Balmoral Hotel,Edinburgh,35,4.0,European,United Kingdom
7700615,Wagamama,Glasgow,136,4.3,Japanese,United Kingdom
7700043,Nanakusa,Glasgow,71,4.2,"Japanese, Grill",United Kingdom
7700258,Chaophraya,Glasgow,51,3.6,Thai,United Kingdom
7700025,The Butterfly & The Pig,Glasgow,53,3.9,British,United Kingdom
7701552,Elia,Glasgow,77,4.4,Greek,United Kingdom
7700329,The Dhabba,Glasgow,80,3.8,Indian,United Kingdom
7700780,The Two Figs,Glasgow,42,3.9,"British, Scottish",United Kingdom
7700672,The Battlefield Restaurant,Glasgow,104,4.4,"Italian, Scottish, Continental",United Kingdom
7700796,Celino's,Glasgow,79,4.9,"Italian, Deli",United Kingdom
7700470,Rishi's,Glasgow,41,3.8,Indian,United Kingdom
7701386,La Tasca,Glasgow,64,4.1,Spanish,United Kingdom
7700440,The Italian Caffe,Glasgow,46,4.0,Italian,United Kingdom
7700495,The Butchershop Bar & Grill,Glasgow,67,4.1,"Grill, Steak, Scottish, British",United Kingdom
7700694,Ubiquitous Chip,Glasgow,113,4.1,"Scottish, British",United Kingdom
7700834,Stravaigin,Glasgow,104,4.3,Scottish,United Kingdom
7700300,Jamie's Italian,Glasgow,168,2.9,Italian,United Kingdom
7701457,Mother India Cafe,Glasgow,126,4.8,Indian,United Kingdom
7700065,Ichiban,Glasgow,133,4.6,Japanese,United Kingdom
7700026,Dakhin,Glasgow,43,3.9,"Indian, South Indian",United Kingdom
7700850,Hillhead Bookclub,Glasgow,71,3.6,"British, Scottish",United Kingdom
7800282,Circus Circus Cafe,Durban,141,4.2,"Mediterranean, Continental",South Africa
7800523,Roma Revolving Restaurant,Durban,144,3.9,"Italian, Seafood, Steak",South Africa
7800372,Vovo Telo,Durban,162,4.1,"Cafe, Bakery, Desserts",South Africa
18362280,The Chefs' Table,Durban,106,4.7,International,South Africa
7800495,The Ocean Terrace - The Oyster Box Hotel,Durban,194,4.6,"Indian, Durban, Continental",South Africa
7800663,The Galley Beach Bar & Grill,Durban,120,3.2,"Grill, Seafood",South Africa
7800284,Beluga,Durban,241,3.8,"Seafood, Asian",South Africa
7800310,Daruma - Elangeni & Maharani,Durban,100,4.3,"Japanese, Sushi",South Africa
7800531,Freedom Cafe,Durban,119,4.1,"Deli, South African",South Africa
7800959,The Waffle House,Durban,195,4.8,"Desserts, Finger Food",South Africa
7800905,Bel Punto,Durban,177,4.9,Seafood,South Africa
18216520,Fourteen on Chartwell,Durban,166,4.5,Continental,South Africa
7800437,Market,Durban,156,4.4,Cafe,South Africa
7800380,Little Havana,Durban,130,4.2,Continental,South Africa
7800541,Jack Salmon,Durban,91,4.3,Seafood,South Africa
7800551,Mali's Indian Restaurant,Durban,122,4.6,Indian,South Africa
7800516,Ile Maurice,Durban,113,4.3,French,South Africa
7800157,tashas,Durban,174,4.3,Cafe,South Africa
7800462,9th Avenue Bistro,Durban,93,4.5,French,South Africa
18473006,Casa Bella,Durban,59,3.8,"Italian, Pizza",South Africa
7900198,Sichuan Style Restaurant,Hamilton,72,4.3,Chinese,New Zealand
7900069,Babaganush,Hamilton,76,4.0,Turkish,New Zealand
7900141,Daikoku Restaurant,Hamilton,50,3.6,"Japanese, Teppanyaki",New Zealand
7900355,The Sugar Bowl Cafe,Hamilton,80,4.1,Cafe Food,New Zealand
7900646,The Chilli House,Hamilton,28,4.0,"Chinese, Dumplings, Hot Pot, Sichuan, Vegan, Vegetarian",New Zealand
7900250,Gothenburg,Hamilton,100,4.6,European,New Zealand
7900322,The Helm,Hamilton,64,2.5,European,New Zealand
7900419,Two Birds Eatery,Hamilton,65,3.8,Cafe Food,New Zealand
7900218,Foundation Bar Kitchen & Lounge,Hamilton,95,4.3,Steak,New Zealand
18319871,Zealong Tea Estate,Hamilton,24,4.4,Cafe Food,New Zealand
7903141,Jacks Coffee Lounge,Hamilton,53,4.1,Cafe Food,New Zealand
7900287,The River Kitchen,Hamilton,62,4.2,"Cafe Food, Coffee and Tea",New Zealand
7900349,Good George Brewing,Hamilton,51,4.1,"Kiwi, European, Finger Food",New Zealand
7900238,Scotts Epicurean,Hamilton,117,4.4,Cafe Food,New Zealand
7900011,Sultan's Kitchen,Hamilton,33,4.0,"Turkish, Mediterranean, Moroccan",New Zealand
7900186,Mexico,Hamilton,100,4.2,Mexican,New Zealand
7900182,Thai House Express,Hamilton,51,4.0,Thai,New Zealand
7900023,Indian Star,Hamilton,63,3.8,"North Indian, Indian",New Zealand
7900490,Zealong Tea Estate,Hamilton,55,4.7,"European, Asian, Desserts",New Zealand
7900115,The Flying Burrito Brothers,Hamilton,58,3.9,Mexican,New Zealand
